Yr,Month,Fleet,Length,Obs,Exp,Nsamp_adj
2004,8,1,135,0.0531696,0.0634093,4.43287
2004,8,1,140,0.132774,0.021438,4.43287
2004,8,1,145,9.98403e-05,0.032519,4.43287
2004,8,1,150,0.0266347,0.052681,4.43287
2004,8,1,155,0.0266347,0.0746759,4.43287
2004,8,1,160,0.0266347,0.0890644,4.43287
2004,8,1,165,0.106239,0.094345,4.43287
2004,8,1,170,0.0531696,0.0968326,4.43287
2004,8,1,175,0.0906042,0.100238,4.43287
2004,8,1,180,0.134202,0.100859,4.43287
2004,8,1,185,0.151266,0.0928328,4.43287
2004,8,1,190,0.0593337,0.0743442,4.43287
2004,8,1,195,0.0858686,0.0511131,4.43287
2004,8,1,200,9.98403e-05,0.0301055,4.43287
2004,8,1,205,0.0266347,0.0152666,4.43287
2004,8,1,210,0.0266347,0.010276,4.43287
2016,2,1,135,0.0218134,0.0668965,4.13624
2016,2,1,140,0.0218134,0.0540804,4.13624
2016,2,1,145,0.0869518,0.0696465,4.13624
2016,2,1,150,0.0652394,0.0750337,4.13624
2016,2,1,155,0.108665,0.0767528,4.13624
2016,2,1,160,0.282369,0.0847173,4.13624
2016,2,1,165,0.108665,0.098408,4.13624
2016,2,1,170,0.0869518,0.107219,4.13624
2016,2,1,175,0.130378,0.103617,4.13624
2016,2,1,180,0.0218134,0.0895535,4.13624
2016,2,1,185,0.0435258,0.0701799,4.13624
2016,2,1,190,0.0218134,0.103895,4.13624
2016,11,1,85,0.04669,9.97348e-05,4.66462
2016,11,1,90,9.97307e-05,9.97964e-05,4.66462
2016,11,1,95,9.97307e-05,0.00010058,4.66462
2016,11,1,100,9.97307e-05,0.000108062,4.66462
2016,11,1,105,9.97307e-05,0.000161718,4.66462
2016,11,1,110,9.97307e-05,0.000449743,4.66462
2016,11,1,115,9.97307e-05,0.00160005,4.66462
2016,11,1,120,9.97307e-05,0.00498427,4.66462
2016,11,1,125,0.04669,0.0121933,4.66462
2016,11,1,130,9.97307e-05,0.0229622,4.66462
2016,11,1,135,0.04669,0.0335728,4.66462
2016,11,1,140,9.97307e-05,0.0399318,4.66462
2016,11,1,145,0.04669,0.0440695,4.66462
2016,11,1,150,0.139871,0.0546016,4.66462
2016,11,1,155,0.0932802,0.0766281,4.66462
2016,11,1,160,0.0618027,0.102501,4.66462
2016,11,1,165,0.0618027,0.117653,4.66462
2016,11,1,170,0.0152125,0.115748,4.66462
2016,11,1,175,0.170096,0.10284,4.66462
2016,11,1,180,0.0693571,0.086965,4.66462
2016,11,1,185,0.0303253,0.0699434,4.66462
2016,11,1,190,0.0618027,0.0507136,4.66462
2016,11,1,195,0.0152125,0.0320401,4.66462
2016,11,1,200,0.04669,0.0173649,4.66462
2016,11,1,205,9.97307e-05,0.00803173,4.66462
2016,11,1,210,9.97307e-05,0.00317915,4.66462
2016,11,1,215,0.04669,0.00145698,4.66462
2018,8,1,130,0.0163817,0.0361782,5.34198
2018,8,1,135,0.0741853,0.0160842,5.34198
2018,8,1,140,9.98403e-05,0.0220387,5.34198
2018,8,1,145,9.98403e-05,0.0378385,5.34198
2018,8,1,150,9.98403e-05,0.0639308,5.34198
2018,8,1,155,0.196622,0.0909249,5.34198
2018,8,1,160,0.0820796,0.106724,5.34198
2018,8,1,165,0.0484522,0.108845,5.34198
2018,8,1,170,0.0642408,0.104853,5.34198
2018,8,1,175,0.024276,0.100318,5.34198
2018,8,1,180,0.122537,0.0931545,5.34198
2018,8,1,185,0.222355,0.0795676,5.34198
2018,8,1,190,0.0741853,0.059854,5.34198
2018,8,1,195,9.98403e-05,0.0393728,5.34198
2018,8,1,200,9.98403e-05,0.0225255,5.34198
2018,8,1,205,0.0741853,0.0177907,5.34198
1991,8,2,110,0.0204067,9.9753e-05,11.2986
1991,8,2,115,0.0392459,9.97535e-05,11.2986
1991,8,2,120,0.0316693,9.97652e-05,11.2986
1991,8,2,125,0.0169026,9.98626e-05,11.2986
1991,8,2,130,0.00291535,0.000100447,11.2986
1991,8,2,135,9.97506e-05,0.000103168,11.2986
1991,8,2,140,0.00845573,0.000116355,11.2986
1991,8,2,145,0.00845573,0.000193351,11.2986
1991,8,2,150,0.0251677,0.000603458,11.2986
1991,8,2,155,0.00291535,0.0022214,11.2986
1991,8,2,160,0.0287627,0.00679248,11.2986
1991,8,2,165,0.0336146,0.0166098,11.2986
1991,8,2,170,0.0356802,0.0346038,11.2986
1991,8,2,175,0.0524831,0.0644422,11.2986
1991,8,2,180,0.111065,0.105364,11.2986
1991,8,2,185,0.110527,0.145246,11.2986
1991,8,2,190,0.171117,0.165732,11.2986
1991,8,2,195,0.0908497,0.155443,11.2986
1991,8,2,200,0.0853093,0.121032,11.2986
1991,8,2,205,0.0428409,0.0838354,11.2986
1991,8,2,210,0.0252586,0.0512103,11.2986
1991,8,2,215,0.0252586,0.02701,11.2986
1991,8,2,220,0.014087,0.0121701,11.2986
1991,8,2,225,9.97506e-05,0.00468659,11.2986
1991,8,2,230,0.0168117,0.00208463,11.2986
1991,11,2,115,0.0185512,9.97819e-05,5.31664
1991,11,2,120,9.97805e-05,9.97884e-05,5.31664
1991,11,2,125,0.0191625,9.9876e-05,5.31664
1991,11,2,130,0.0191625,0.00010068,5.31664
1991,11,2,135,0.000710898,0.000105761,5.31664
1991,11,2,140,0.000405437,0.000128734,5.31664
1991,11,2,145,9.97805e-05,0.000214824,5.31664
1991,11,2,150,9.97805e-05,0.000554406,5.31664
1991,11,2,155,0.000405437,0.0019532,5.31664
1991,11,2,160,0.0280826,0.00671716,5.31664
1991,11,2,165,0.0468396,0.0185752,5.31664
1991,11,2,170,0.0867984,0.040207,5.31664
1991,11,2,175,0.0984688,0.0713093,5.31664
1991,11,2,180,0.0966353,0.10892,5.31664
1991,11,2,185,0.135372,0.144435,5.31664
1991,11,2,190,0.155657,0.162159,5.31664
1991,11,2,195,0.0652325,0.1503,5.31664
1991,11,2,200,0.110139,0.116051,5.31664
1991,11,2,205,0.0532567,0.0806465,5.31664
1991,11,2,210,0.0225238,0.0501554,5.31664
1991,11,2,215,0.00346102,0.027241,5.31664
1991,11,2,220,0.0388364,0.0199273,5.31664
1992,8,2,120,0.0529597,9.98228e-05,14.455
1992,8,2,125,0.0552495,9.99268e-05,14.455
1992,8,2,130,0.0344465,0.000100585,14.455
1992,8,2,135,0.0275772,0.000103625,14.455
1992,8,2,140,0.018418,0.000118082,14.455
1992,8,2,145,0.00925892,0.000201359,14.455
1992,8,2,150,0.0207079,0.000643831,14.455
1992,8,2,155,0.00238956,0.00239516,14.455
1992,8,2,160,0.018418,0.00738748,14.455
1992,8,2,165,0.0552495,0.0182902,14.455
1992,8,2,170,0.0367363,0.0386311,14.455
1992,8,2,175,0.0712779,0.0722583,14.455
1992,8,2,180,0.0710831,0.116349,14.455
1992,8,2,185,0.112689,0.154286,14.455
1992,8,2,190,0.165354,0.165997,14.455
1992,8,2,195,0.117268,0.145982,14.455
1992,8,2,200,0.0596341,0.108383,14.455
1992,8,2,205,0.0321568,0.0742053,14.455
1992,8,2,210,0.0229976,0.0467465,14.455
1992,8,2,215,0.0161283,0.0477208,14.455
1993,8,2,95,0.017598,9.97408e-05,1.59986
1993,8,2,100,9.97407e-05,9.9741e-05,1.59986
1993,8,2,105,9.97407e-05,9.97414e-05,1.59986
1993,8,2,110,9.97407e-05,9.97422e-05,1.59986
1993,8,2,115,0.017598,9.97441e-05,1.59986
1993,8,2,120,9.97407e-05,9.97578e-05,1.59986
1993,8,2,125,9.97407e-05,9.98719e-05,1.59986
1993,8,2,130,9.97407e-05,0.000100558,1.59986
1993,8,2,135,0.017598,0.000103782,1.59986
1993,8,2,140,0.017598,0.000119679,1.59986
1993,8,2,145,0.017598,0.000213649,1.59986
1993,8,2,150,0.0350963,0.000715472,1.59986
1993,8,2,155,0.0350963,0.00269134,1.59986
1993,8,2,160,0.017598,0.00823891,1.59986
1993,8,2,165,0.0525946,0.0199886,1.59986
1993,8,2,170,0.0350963,0.0410117,1.59986
1993,8,2,175,0.0350963,0.0747447,1.59986
1993,8,2,180,0.227579,0.118638,1.59986
1993,8,2,185,0.140087,0.156423,1.59986
1993,8,2,190,0.140087,0.16739,1.59986
1993,8,2,195,0.0700936,0.145379,1.59986
1993,8,2,200,0.0700936,0.105549,1.59986
1993,8,2,205,0.017598,0.0702892,1.59986
1993,8,2,210,0.017598,0.0432556,1.59986
1993,8,2,215,9.97407e-05,0.0242036,1.59986
1993,8,2,220,0.017598,0.0202464,1.59986
1995,11,2,120,0.0278196,9.97962e-05,0.708395
1995,11,2,125,9.97904e-05,9.98493e-05,0.708395
1995,11,2,130,9.97904e-05,0.000100347,0.708395
1995,11,2,135,9.97904e-05,0.000103539,0.708395
1995,11,2,140,9.97904e-05,0.000118688,0.708395
1995,11,2,145,9.97904e-05,0.000182864,0.708395
1995,11,2,150,9.97904e-05,0.000478021,0.708395
1995,11,2,155,9.97904e-05,0.0018001,0.708395
1995,11,2,160,9.97904e-05,0.00647696,0.708395
1995,11,2,165,0.0278196,0.0186274,0.708395
1995,11,2,170,0.0278196,0.0424639,0.708395
1995,11,2,175,0.138697,0.0800104,0.708395
1995,11,2,180,0.194137,0.127445,0.708395
1995,11,2,185,0.0555394,0.168251,0.708395
1995,11,2,190,0.249575,0.178117,0.708395
1995,11,2,195,0.0832578,0.14868,0.708395
1995,11,2,200,0.110978,0.100606,0.708395
1995,11,2,205,0.0555394,0.0612894,0.708395
1995,11,2,210,9.97904e-05,0.0343492,0.708395
1995,11,2,215,9.97904e-05,0.0175794,0.708395
1995,11,2,220,0.0278196,0.0131207,0.708395
1996,2,2,120,0.0590474,9.98355e-05,1.79337
1996,2,2,125,9.98004e-05,9.9832e-05,1.79337
1996,2,2,130,9.98004e-05,0.000100142,1.79337
1996,2,2,135,9.98004e-05,0.000102985,1.79337
1996,2,2,140,9.98004e-05,0.00012135,1.79337
1996,2,2,145,9.98004e-05,0.000206125,1.79337
1996,2,2,150,9.98004e-05,0.000516921,1.79337
1996,2,2,155,9.98004e-05,0.00159803,1.79337
1996,2,2,160,9.98004e-05,0.00533306,1.79337
1996,2,2,165,0.0736378,0.0163148,1.79337
1996,2,2,170,0.0736378,0.0405916,1.79337
1996,2,2,175,0.0438706,0.0798896,1.79337
1996,2,2,180,0.176356,0.126938,1.79337
1996,2,2,185,0.161766,0.165874,1.79337
1996,2,2,190,0.117409,0.176984,1.79337
1996,2,2,195,0.117409,0.150888,1.79337
1996,2,2,200,0.0292802,0.103987,1.79337
1996,2,2,205,0.0438706,0.0637323,1.79337
1996,2,2,210,0.0590474,0.0355367,1.79337
1996,2,2,215,0.0438706,0.0310854,1.79337
1996,8,2,110,0.078874,9.97849e-05,0.812072
1996,8,2,115,9.97805e-05,9.97859e-05,0.812072
1996,8,2,120,0.0526164,9.98079e-05,0.812072
1996,8,2,125,9.97805e-05,9.99896e-05,0.812072
1996,8,2,130,0.0263574,0.000101048,0.812072
1996,8,2,135,9.97805e-05,0.000105428,0.812072
1996,8,2,140,9.97805e-05,0.000121035,0.812072
1996,8,2,145,9.97805e-05,0.000188063,0.812072
1996,8,2,150,9.97805e-05,0.000511486,0.812072
1996,8,2,155,9.97805e-05,0.00179797,0.812072
1996,8,2,160,0.0263574,0.00565629,0.812072
1996,8,2,165,0.0526164,0.0149498,0.812072
1996,8,2,170,0.0263574,0.034594,0.812072
1996,8,2,175,0.0263574,0.0703999,0.812072
1996,8,2,180,0.105132,0.120179,0.812072
1996,8,2,185,0.157648,0.165016,0.812072
1996,8,2,190,0.0526164,0.179817,0.812072
1996,8,2,195,0.078874,0.155545,0.812072
1996,8,2,200,0.157648,0.109488,0.812072
1996,8,2,205,0.105132,0.0686666,0.812072
1996,8,2,210,0.0263574,0.0388256,0.812072
1996,8,2,215,0.0263574,0.0336381,0.812072
1997,8,2,155,0.013885,0.00577772,4.6314
1997,8,2,160,0.00699253,0.0133014,4.6314
1997,8,2,165,0.00354608,0.0293015,4.6314
1997,8,2,170,0.0173314,0.0512049,4.6314
1997,8,2,175,0.0242239,0.0783035,4.6314
1997,8,2,180,0.189461,0.111389,4.6314
1997,8,2,185,0.165337,0.143722,4.6314
1997,8,2,190,0.0586871,0.158797,4.6314
1997,8,2,195,0.0311166,0.14432,4.6314
1997,8,2,200,0.165337,0.108129,4.6314
1997,8,2,205,0.098227,0.072269,4.6314
1997,8,2,210,0.0741027,0.0432942,4.6314
1997,8,2,215,0.0706565,0.0229748,4.6314
1997,8,2,220,0.0104388,0.0107247,4.6314
1997,8,2,225,0.0706565,0.00649105,4.6314
1991,2,3,150,0.026384,0.00475551,1.49147
1991,2,3,155,9.98801e-05,0.00582767,1.49147
1991,2,3,160,0.0526681,0.0121471,1.49147
1991,2,3,165,0.026384,0.0253167,1.49147
1991,2,3,170,0.026384,0.0471705,1.49147
1991,2,3,175,0.18409,0.0753027,1.49147
1991,2,3,180,0.18409,0.105687,1.49147
1991,2,3,185,0.131521,0.134608,1.49147
1991,2,3,190,0.105237,0.15399,1.49147
1991,2,3,195,0.0789523,0.151421,1.49147
1991,2,3,200,0.105237,0.122502,1.49147
1991,2,3,205,0.0789523,0.161272,1.49147
1991,5,3,120,0.0212316,0.000102784,6.56346
1991,5,3,125,9.97307e-05,0.000105951,6.56346
1991,5,3,130,9.97307e-05,0.000117382,6.56346
1991,5,3,135,9.97307e-05,0.00016953,6.56346
1991,5,3,140,0.00737176,0.000410559,6.56346
1991,5,3,145,9.97307e-05,0.00125346,6.56346
1991,5,3,150,0.0416794,0.00338576,6.56346
1991,5,3,155,9.97307e-05,0.00744424,6.56346
1991,5,3,160,0.0291879,0.0140977,6.56346
1991,5,3,165,9.97307e-05,0.0254242,6.56346
1991,5,3,170,0.0496357,0.0450425,6.56346
1991,5,3,175,0.0212318,0.0737841,6.56346
1991,5,3,180,0.0984876,0.106157,6.56346
1991,5,3,185,0.0489514,0.1339,6.56346
1991,5,3,190,0.10576,0.149694,6.56346
1991,5,3,195,0.148024,0.146318,6.56346
1991,5,3,200,0.10576,0.120609,6.56346
1991,5,3,205,0.0555394,0.0826675,6.56346
1991,5,3,210,0.107128,0.0486354,6.56346
1991,5,3,215,0.0285038,0.0244284,6.56346
1991,5,3,220,0.0291879,0.0104293,6.56346
1991,5,3,225,9.97307e-05,0.00381186,6.56346
1991,5,3,230,0.0146438,0.00123337,6.56346
1991,5,3,235,0.0357758,0.000396132,6.56346
1991,5,3,240,0.0219158,0.000166665,6.56346
1991,5,3,245,0.00737176,0.000112875,6.56346
1991,5,3,250,0.0219158,0.00010236,6.56346
1991,8,3,80,0.0175893,9.9691e-05,1.75943
1991,8,3,85,9.9691e-05,9.9691e-05,1.75943
1991,8,3,90,9.9691e-05,9.9691e-05,1.75943
1991,8,3,95,9.9691e-05,9.96911e-05,1.75943
1991,8,3,100,9.9691e-05,9.96916e-05,1.75943
1991,8,3,105,9.9691e-05,9.96976e-05,1.75943
1991,8,3,110,9.9691e-05,9.97584e-05,1.75943
1991,8,3,115,9.9691e-05,0.00010022,1.75943
1991,8,3,120,9.9691e-05,0.000102728,1.75943
1991,8,3,125,9.9691e-05,0.000112367,1.75943
1991,8,3,130,9.9691e-05,0.000139074,1.75943
1991,8,3,135,9.9691e-05,0.000199568,1.75943
1991,8,3,140,0.0175893,0.000361347,1.75943
1991,8,3,145,9.9691e-05,0.000943749,1.75943
1991,8,3,150,9.9691e-05,0.00288577,1.75943
1991,8,3,155,9.9691e-05,0.00775653,1.75943
1991,8,3,160,0.0525685,0.016778,1.75943
1991,8,3,165,0.0525685,0.0301175,1.75943
1991,8,3,170,0.0175893,0.0484887,1.75943
1991,8,3,175,0.0175893,0.0738286,1.75943
1991,8,3,180,0.0700582,0.104589,1.75943
1991,8,3,185,0.0350789,0.13234,1.75943
1991,8,3,190,0.209976,0.146783,1.75943
1991,8,3,195,0.0525685,0.141698,1.75943
1991,8,3,200,0.209976,0.116858,1.75943
1991,8,3,205,0.0700582,0.0816615,1.75943
1991,8,3,210,0.0525685,0.0496875,1.75943
1991,8,3,215,0.0525685,0.0259974,1.75943
1991,8,3,220,0.0525685,0.0115737,1.75943
1991,8,3,225,9.9691e-05,0.00438811,1.75943
1991,8,3,230,0.0175893,0.00191118,1.75943
1993,5,3,150,0.0326563,0.00616733,3.29394
1993,5,3,155,0.0109521,0.00923847,3.29394
1993,5,3,160,0.0109521,0.0173184,3.29394
1993,5,3,165,0.0109521,0.0307249,3.29394
1993,5,3,170,0.0760654,0.0534498,3.29394
1993,5,3,175,0.0543608,0.0856648,3.29394
1993,5,3,180,0.173735,0.118957,3.29394
1993,5,3,185,0.119474,0.141482,3.29394
1993,5,3,190,0.162883,0.146053,3.29394
1993,5,3,195,0.184587,0.13165,3.29394
1993,5,3,200,0.0760654,0.10264,3.29394
1993,5,3,205,0.0326563,0.069714,3.29394
1993,5,3,210,0.0326563,0.0430662,3.29394
1993,5,3,215,9.98403e-05,0.0240478,3.29394
1993,5,3,220,9.98403e-05,0.011945,3.29394
1993,5,3,225,0.0218044,0.00788149,3.29394
1993,8,3,150,0.0140031,0.0049773,6.1101
1993,8,3,155,0.0340828,0.00935431,6.1101
1993,8,3,160,0.0279059,0.0201714,6.1101
1993,8,3,165,0.0688406,0.0358883,6.1101
1993,8,3,170,0.0140029,0.0568878,6.1101
1993,8,3,175,0.0618892,0.084758,6.1101
1993,8,3,180,0.0896953,0.116559,6.1101
1993,8,3,185,0.103598,0.141052,6.1101
1993,8,3,190,0.0557123,0.146683,6.1101
1993,8,3,195,0.0896953,0.131075,6.1101
1993,8,3,200,0.0279059,0.100817,6.1101
1993,8,3,205,0.0348576,0.0677438,6.1101
1993,8,3,210,0.103598,0.0415261,6.1101
1993,8,3,215,0.102824,0.0230495,6.1101
1993,8,3,220,0.0140029,0.011409,6.1101
1993,8,3,225,0.00705143,0.00497536,6.1101
1993,8,3,230,0.102049,0.00191046,6.1101
1993,8,3,235,0.0140029,0.000671438,6.1101
1993,8,3,240,9.97904e-05,0.000251615,6.1101
1993,8,3,245,9.97904e-05,0.000133445,6.1101
1993,8,3,250,0.0340828,0.000107053,6.1101
1994,2,3,145,0.0301647,0.00240606,2.0367
1994,2,3,150,0.0301647,0.00363504,2.0367
1994,2,3,155,0.0301647,0.00746214,2.0367
1994,2,3,160,0.0301647,0.0158784,2.0367
1994,2,3,165,9.98702e-05,0.0332631,2.0367
1994,2,3,170,0.125917,0.0610626,2.0367
1994,2,3,175,0.0657869,0.0936547,2.0367
1994,2,3,180,0.0657869,0.122172,2.0367
1994,2,3,185,0.161539,0.140382,2.0367
1994,2,3,190,0.202719,0.143798,2.0367
1994,2,3,195,0.22167,0.129237,2.0367
1994,2,3,200,9.98702e-05,0.0997475,2.0367
1994,2,3,205,0.035722,0.147302,2.0367
1994,5,3,60,0.0146924,9.96711e-05,6.1758
1994,5,3,65,9.96711e-05,9.96711e-05,6.1758
1994,5,3,70,9.96711e-05,9.96711e-05,6.1758
1994,5,3,75,9.96711e-05,9.96711e-05,6.1758
1994,5,3,80,9.96711e-05,9.96711e-05,6.1758
1994,5,3,85,9.96711e-05,9.96712e-05,6.1758
1994,5,3,90,9.96711e-05,9.96714e-05,6.1758
1994,5,3,95,9.96711e-05,9.96719e-05,6.1758
1994,5,3,100,9.96711e-05,9.96743e-05,6.1758
1994,5,3,105,9.96711e-05,9.96907e-05,6.1758
1994,5,3,110,9.96711e-05,9.9791e-05,6.1758
1994,5,3,115,9.96711e-05,0.000100239,6.1758
1994,5,3,120,9.96711e-05,0.000101682,6.1758
1994,5,3,125,9.96711e-05,0.000105501,6.1758
1994,5,3,130,9.96711e-05,0.000118535,6.1758
1994,5,3,135,0.00739601,0.000184604,6.1758
1994,5,3,140,9.96711e-05,0.000495319,6.1758
1994,5,3,145,0.00739601,0.0015827,6.1758
1994,5,3,150,9.96711e-05,0.00433622,6.1758
1994,5,3,155,0.00739601,0.00959966,6.1758
1994,5,3,160,0.00739601,0.0182939,6.1758
1994,5,3,165,9.96711e-05,0.0331006,6.1758
1994,5,3,170,0.0853254,0.0581732,6.1758
1994,5,3,175,0.129103,0.0926989,6.1758
1994,5,3,180,0.191275,0.126184,6.1758
1994,5,3,185,0.193605,0.145631,6.1758
1994,5,3,190,0.114511,0.145299,6.1758
1994,5,3,195,0.0937864,0.126867,6.1758
1994,5,3,200,0.05847,0.0962104,6.1758
1994,5,3,205,0.0657661,0.063683,6.1758
1994,5,3,210,0.00739601,0.0383546,6.1758
1994,5,3,215,9.96711e-05,0.0209275,6.1758
1994,5,3,220,0.0146924,0.0168565,6.1758
1996,8,3,155,0.0182526,0.00999028,1.52352
1996,8,3,160,9.98403e-05,0.0140215,1.52352
1996,8,3,165,9.98403e-05,0.0272263,1.52352
1996,8,3,170,0.0545582,0.0487155,1.52352
1996,8,3,175,0.0182526,0.0811362,1.52352
1996,8,3,180,0.0182526,0.120101,1.52352
1996,8,3,185,0.145322,0.151415,1.52352
1996,8,3,190,0.0908637,0.160362,1.52352
1996,8,3,195,0.181628,0.142712,1.52352
1996,8,3,200,0.19978,0.106418,1.52352
1996,8,3,205,0.0908637,0.0673518,1.52352
1996,8,3,210,0.0727109,0.0379342,1.52352
1996,8,3,215,0.0545582,0.0190517,1.52352
1996,8,3,220,0.0364054,0.00850893,1.52352
1996,8,3,225,9.98403e-05,0.00338759,1.52352
1996,8,3,230,0.0182526,0.00166713,1.52352
2014,2,3,160,0.0743435,0.032753,4.26407
2014,2,3,165,0.0791483,0.0327936,4.26407
2014,2,3,170,0.0259536,0.0583542,4.26407
2014,2,3,175,0.140465,0.0880466,4.26407
2014,2,3,180,0.130856,0.113829,4.26407
2014,2,3,185,0.0178315,0.131172,4.26407
2014,2,3,190,0.245367,0.137217,4.26407
2014,2,3,195,0.0484897,0.128196,4.26407
2014,2,3,200,0.114611,0.104066,4.26407
2014,2,3,205,0.0872705,0.0735762,4.26407
2014,2,3,210,0.0178315,0.0473526,4.26407
2014,2,3,215,0.0178315,0.0526426,4.26407
2018,8,5,120,0.0588761,0.00167753,5.2992
2018,8,5,125,9.97506e-05,0.00213447,5.2992
2018,8,5,130,9.97506e-05,0.00327593,5.2992
2018,8,5,135,0.0588761,0.00460222,5.2992
2018,8,5,140,9.97506e-05,0.00763355,5.2992
2018,8,5,145,9.97506e-05,0.0157714,5.2992
2018,8,5,150,9.97506e-05,0.0318594,5.2992
2018,8,5,155,0.0882643,0.0538905,5.2992
2018,8,5,160,9.97506e-05,0.0748794,5.2992
2018,8,5,165,0.176006,0.0900145,5.2992
2018,8,5,170,0.214908,0.101756,5.2992
2018,8,5,175,0.14704,0.113624,5.2992
2018,8,5,180,0.0588761,0.12227,5.2992
2018,8,5,185,0.0977785,0.12084,5.2992
2018,8,5,190,9.97506e-05,0.107107,5.2992
2018,8,5,195,9.97506e-05,0.0839432,5.2992
2018,8,5,200,0.0390021,0.0466504,5.2992
2018,8,5,205,9.97506e-05,0.014636,5.2992
2018,8,5,210,9.97506e-05,0.00259211,5.2992
2018,8,5,215,9.97506e-05,0.000330919,5.2992
2018,8,5,220,9.97506e-05,0.000111187,5.2992
2018,8,5,225,0.0294879,0.000100048,5.2992
2018,8,5,230,9.97506e-05,9.97547e-05,5.2992
2018,8,5,235,9.97506e-05,9.97507e-05,5.2992
2018,8,5,240,0.0294879,9.97506e-05,5.2992
2019,8,5,110,0.0221887,0.00047883,6.64376
2019,8,5,115,9.97904e-05,0.00113078,6.64376
2019,8,5,120,9.97904e-05,0.00276118,6.64376
2019,8,5,125,0.0221887,0.00528747,6.64376
2019,8,5,130,9.97904e-05,0.00782929,6.64376
2019,8,5,135,0.0209684,0.00935921,6.64376
2019,8,5,140,0.0209684,0.0106463,6.64376
2019,8,5,145,9.97904e-05,0.0150277,6.64376
2019,8,5,150,9.97904e-05,0.0258794,6.64376
2019,8,5,155,9.97904e-05,0.0427335,6.64376
2019,8,5,160,0.062705,0.0614213,6.64376
2019,8,5,165,0.0209684,0.0794892,6.64376
2019,8,5,170,0.106883,0.0985492,6.64376
2019,8,5,175,0.167046,0.117925,6.64376
2019,8,5,180,0.151062,0.130119,6.64376
2019,8,5,185,0.0847939,0.127656,6.64376
2019,8,5,190,0.149841,0.111067,6.64376
2019,8,5,195,0.0847939,0.0860587,6.64376
2019,8,5,200,0.0430573,0.0480832,6.64376
2019,8,5,205,0.0209684,0.0154118,6.64376
2019,8,5,210,0.0209684,0.00308614,6.64376
2020,8,5,120,0.0148067,0.00639452,14.2259
2020,8,5,125,0.0383852,0.00813088,14.2259
2020,8,5,130,0.0148067,0.0121283,14.2259
2020,8,5,135,9.98203e-05,0.0148084,14.2259
2020,8,5,140,9.98203e-05,0.0178679,14.2259
2020,8,5,145,9.98203e-05,0.0272417,14.2259
2020,8,5,150,0.00793425,0.0481904,14.2259
2020,8,5,155,0.0148067,0.077193,14.2259
2020,8,5,160,0.0609265,0.101153,14.2259
2020,8,5,165,0.129512,0.109319,14.2259
2020,8,5,170,0.127514,0.104529,14.2259
2020,8,5,175,0.153091,0.097578,14.2259
2020,8,5,180,0.146143,0.0934276,14.2259
2020,8,5,185,0.0825059,0.0886729,14.2259
2020,8,5,190,0.0844298,0.0790659,14.2259
2020,8,5,195,0.0922642,0.0635825,14.2259
2020,8,5,200,0.00793425,0.0364994,14.2259
2020,8,5,205,0.0246403,0.0142177,14.2259
1985,2,10,185,0.10002,0.110221,5.122
1985,2,10,190,9.99201e-05,0.0951177,5.122
1985,2,10,195,0.2499,0.138725,5.122
1985,2,10,200,0.05006,0.168507,5.122
1985,2,10,205,0.29986,0.167767,5.122
1985,2,10,210,0.05006,0.136763,5.122
1985,2,10,215,0.10002,0.0921715,5.122
1985,2,10,220,0.14998,0.0907278,5.122
1986,2,10,185,0.083375,0.0930624,3.0732
1986,2,10,190,0.083375,0.0809052,3.0732
1986,2,10,195,0.16665,0.129731,3.0732
1986,2,10,200,0.083375,0.172858,3.0732
1986,2,10,205,0.16665,0.181802,3.0732
1986,2,10,210,0.16665,0.149487,3.0732
1986,2,10,215,0.249925,0.192154,3.0732
1987,2,10,165,0.0333833,0.0035535,7.683
1987,2,10,170,0.0666667,0.00373413,7.683
1987,2,10,175,0.0666667,0.00867717,7.683
1987,2,10,180,9.98502e-05,0.0196328,7.683
1987,2,10,185,0.0333833,0.0413505,7.683
1987,2,10,190,9.98502e-05,0.0778027,7.683
1987,2,10,195,0.233084,0.125919,7.683
1987,2,10,200,0.133233,0.168861,7.683
1987,2,10,205,0.0999501,0.181772,7.683
1987,2,10,210,0.133233,0.155395,7.683
1987,2,10,215,0.0666667,0.106925,7.683
1987,2,10,220,0.0333833,0.0605687,7.683
1987,2,10,225,0.0333833,0.0287628,7.683
1987,2,10,230,0.0333833,0.0115832,7.683
1987,2,10,235,0.0333833,0.00546189,7.683
1988,2,10,160,0.0104988,0.00832099,24.5856
1988,2,10,165,9.98303e-05,0.00518451,24.5856
1988,2,10,170,0.0416958,0.00921075,24.5856
1988,2,10,175,0.0104988,0.0157802,24.5856
1988,2,10,180,0.0104988,0.0255028,24.5856
1988,2,10,185,0.0208978,0.0409424,24.5856
1988,2,10,190,0.0520948,0.0677324,24.5856
1988,2,10,195,0.0832917,0.109417,24.5856
1988,2,10,200,0.135287,0.154921,24.5856
1988,2,10,205,0.10409,0.176727,24.5856
1988,2,10,210,0.187282,0.157863,24.5856
1988,2,10,215,0.0936907,0.112114,24.5856
1988,2,10,220,0.20808,0.0651656,24.5856
1988,2,10,225,0.0104988,0.0316863,24.5856
1988,2,10,230,0.0104988,0.0130396,24.5856
1988,2,10,235,0.0104988,0.00458104,24.5856
1988,2,10,240,0.0104988,0.00181036,24.5856
1989,2,10,155,0.0121288,0.00400366,42.5126
1989,2,10,160,9.98403e-05,0.00601183,42.5126
1989,2,10,165,0.00611431,0.014316,42.5126
1989,2,10,170,0.0422012,0.0293618,42.5126
1989,2,10,175,0.10836,0.0507037,42.5126
1989,2,10,180,0.120389,0.074717,42.5126
1989,2,10,185,0.066259,0.0973031,42.5126
1989,2,10,190,0.10836,0.116538,42.5126
1989,2,10,195,0.0963314,0.130448,42.5126
1989,2,10,200,0.0903169,0.133519,42.5126
1989,2,10,205,0.126404,0.120569,42.5126
1989,2,10,210,0.10836,0.0940871,42.5126
1989,2,10,215,0.0602446,0.0631223,42.5126
1989,2,10,220,0.0301722,0.0363233,42.5126
1989,2,10,225,0.0121288,0.0178648,42.5126
1989,2,10,230,0.0121288,0.0111107,42.5126
1991,2,10,20,9.93739e-05,9.93739e-05,0.2561
1991,2,10,25,9.93739e-05,9.93739e-05,0.2561
1991,2,10,30,9.93739e-05,9.93739e-05,0.2561
1991,2,10,35,9.93739e-05,9.93739e-05,0.2561
1991,2,10,40,9.93739e-05,9.93739e-05,0.2561
1991,2,10,45,9.93739e-05,9.93739e-05,0.2561
1991,2,10,50,9.93739e-05,9.93739e-05,0.2561
1991,2,10,55,9.93739e-05,9.93739e-05,0.2561
1991,2,10,60,9.93739e-05,9.93739e-05,0.2561
1991,2,10,65,9.93739e-05,9.9374e-05,0.2561
1991,2,10,70,9.93739e-05,9.93741e-05,0.2561
1991,2,10,75,9.93739e-05,9.93748e-05,0.2561
1991,2,10,80,9.93739e-05,9.93792e-05,0.2561
1991,2,10,85,9.93739e-05,9.93986e-05,0.2561
1991,2,10,90,9.93739e-05,9.94652e-05,0.2561
1991,2,10,95,9.93739e-05,9.96376e-05,0.2561
1991,2,10,100,9.93739e-05,9.99702e-05,0.2561
1991,2,10,105,9.93739e-05,0.000100431,0.2561
1991,2,10,110,9.93739e-05,0.000100858,0.2561
1991,2,10,115,9.93739e-05,0.000101136,0.2561
1991,2,10,120,9.93739e-05,0.000101789,0.2561
1991,2,10,125,9.93739e-05,0.000105348,0.2561
1991,2,10,130,9.93739e-05,0.000119011,0.2561
1991,2,10,135,9.93739e-05,0.000157314,0.2561
1991,2,10,140,9.93739e-05,0.000239403,0.2561
1991,2,10,145,9.93739e-05,0.000378694,0.2561
1991,2,10,150,9.93739e-05,0.000588412,0.2561
1991,2,10,155,9.93739e-05,0.000955756,0.2561
1991,2,10,160,9.93739e-05,0.0017976,0.2561
1991,2,10,165,9.93739e-05,0.00378488,0.2561
1991,2,10,170,9.93739e-05,0.00791807,0.2561
1991,2,10,175,9.93739e-05,0.015625,0.2561
1991,2,10,180,9.93739e-05,0.0296212,0.2561
1991,2,10,185,9.93739e-05,0.0550546,0.2561
1991,2,10,190,9.93739e-05,0.0972425,0.2561
1991,2,10,195,9.93739e-05,0.15125,0.2561
1991,2,10,200,9.93739e-05,0.190658,0.2561
1991,2,10,205,9.93739e-05,0.183625,0.2561
1991,2,10,210,9.93739e-05,0.132903,0.2561
1991,2,10,215,0.993839,0.0738943,0.2561
1991,2,10,220,9.93739e-05,0.0327958,0.2561
1991,2,10,225,9.93739e-05,0.0120691,0.2561
1991,2,10,230,9.93739e-05,0.00382521,0.2561
1991,2,10,235,9.93739e-05,0.00110747,0.2561
1991,2,10,240,9.93739e-05,0.000339906,0.2561
1991,2,10,245,9.93739e-05,0.000150207,0.2561
1991,2,10,250,9.93739e-05,0.000108835,0.2561
1991,2,10,255,9.93739e-05,0.000100906,0.2561
1991,2,10,260,9.93739e-05,9.95867e-05,0.2561
1991,2,10,265,9.93739e-05,9.9399e-05,0.2561
1991,2,10,270,9.93739e-05,9.93764e-05,0.2561
1991,2,10,275,9.93739e-05,9.93741e-05,0.2561
1991,2,10,280,9.93739e-05,9.9374e-05,0.2561
1991,2,10,285,9.93739e-05,9.93739e-05,0.2561
1991,2,10,290,9.93739e-05,9.93739e-05,0.2561
1991,2,10,295,9.93739e-05,9.93739e-05,0.2561
1991,2,10,300,9.93739e-05,9.93739e-05,0.2561
1991,2,10,305,9.93739e-05,9.93739e-05,0.2561
1991,2,10,310,9.93739e-05,9.93739e-05,0.2561
1991,2,10,315,9.93739e-05,9.93739e-05,0.2561
1991,2,10,320,9.93739e-05,9.93739e-05,0.2561
1991,2,10,325,9.93739e-05,9.93739e-05,0.2561
1991,2,10,330,9.93739e-05,9.93739e-05,0.2561
1992,2,10,175,0.0127429,0.0370786,20.2319
1992,2,10,180,0.025386,0.0327834,20.2319
1992,2,10,185,0.0886013,0.05582,20.2319
1992,2,10,190,0.151817,0.0908261,20.2319
1992,2,10,195,0.101244,0.134755,20.2319
1992,2,10,200,0.202389,0.170618,20.2319
1992,2,10,205,0.12653,0.174268,20.2319
1992,2,10,210,0.12653,0.14006,20.2319
1992,2,10,215,0.0759582,0.0891637,20.2319
1992,2,10,220,0.0506721,0.0458512,20.2319
1992,2,10,225,0.0127429,0.0193845,20.2319
1992,2,10,230,0.025386,0.00939182,20.2319
1993,2,10,170,0.0273372,0.0188727,28.171
1993,2,10,175,0.0454954,0.0188017,28.171
1993,2,10,180,0.0636536,0.0339377,28.171
1993,2,10,185,0.0454954,0.0583903,28.171
1993,2,10,190,0.09997,0.0944366,28.171
1993,2,10,195,0.09997,0.136908,28.171
1993,2,10,200,0.172603,0.168121,28.171
1993,2,10,205,0.172603,0.167751,28.171
1993,2,10,210,0.09997,0.134414,28.171
1993,2,10,215,0.0908909,0.0876485,28.171
1993,2,10,220,0.0636536,0.0474122,28.171
1993,2,10,225,9.98702e-05,0.0215384,28.171
1993,2,10,230,0.0182581,0.0117688,28.171
1994,2,10,170,0.025705,0.021363,29.9637
1994,2,10,175,0.0513102,0.02109,29.9637
1994,2,10,180,0.0427752,0.0371424,29.9637
1994,2,10,185,0.0683803,0.0622281,29.9637
1994,2,10,190,0.196406,0.0984118,29.9637
1994,2,10,195,0.136661,0.140068,29.9637
1994,2,10,200,0.153731,0.168775,29.9637
1994,2,10,205,0.119591,0.164661,29.9637
1994,2,10,210,0.0854505,0.128751,29.9637
1994,2,10,215,0.0427752,0.0822018,29.9637
1994,2,10,220,0.00863492,0.0439469,29.9637
1994,2,10,225,0.025705,0.02,29.9637
1994,2,10,230,0.025705,0.00780733,29.9637
1994,2,10,235,0.01717,0.00355383,29.9637
2004,2,10,170,0.0238856,0.012305,10.7562
2004,2,10,175,9.99001e-05,0.014848,10.7562
2004,2,10,180,0.0952429,0.02993,10.7562
2004,2,10,185,0.0476714,0.0557271,10.7562
2004,2,10,190,0.0952429,0.092635,10.7562
2004,2,10,195,0.142814,0.132841,10.7562
2004,2,10,200,0.3331,0.1607,10.7562
2004,2,10,205,0.0952429,0.162528,10.7562
2004,2,10,210,0.0714571,0.137387,10.7562
2004,2,10,215,0.0952429,0.201099,10.7562
2006,2,10,165,0.0119856,0.00577602,21.5124
2006,2,10,170,9.98403e-05,0.00675141,21.5124
2006,2,10,175,0.0119856,0.0132687,21.5124
2006,2,10,180,0.0476428,0.0246404,21.5124
2006,2,10,185,0.0951858,0.0443673,21.5124
2006,2,10,190,0.118957,0.0765502,21.5124
2006,2,10,195,0.142729,0.12034,21.5124
2006,2,10,200,0.154615,0.161689,21.5124
2006,2,10,205,0.130843,0.176315,21.5124
2006,2,10,210,0.130843,0.153005,21.5124
2006,2,10,215,0.0951858,0.10696,21.5124
2006,2,10,220,0.0238713,0.0617183,21.5124
2006,2,10,225,0.0119856,0.0299872,21.5124
2006,2,10,230,0.0119856,0.0124146,21.5124
2006,2,10,235,9.98403e-05,0.00442049,21.5124
2006,2,10,240,0.0119856,0.00179552,21.5124
2007,2,10,170,0.0222977,0.0132681,11.5245
2007,2,10,175,9.98901e-05,0.012942,11.5245
2007,2,10,180,9.98901e-05,0.0248193,11.5245
2007,2,10,185,0.0888911,0.0458482,11.5245
2007,2,10,190,0.222078,0.0794676,11.5245
2007,2,10,195,0.0888911,0.123079,11.5245
2007,2,10,200,0.19988,0.161675,11.5245
2007,2,10,205,0.155485,0.173212,11.5245
2007,2,10,210,0.133287,0.149498,11.5245
2007,2,10,215,0.0444955,0.105253,11.5245
2007,2,10,220,0.0444955,0.110938,11.5245
2008,2,10,170,0.39966,0.0199202,1.2805
2008,2,10,175,9.98901e-05,0.0200755,1.2805
2008,2,10,180,9.98901e-05,0.0333647,1.2805
2008,2,10,185,9.98901e-05,0.0529727,1.2805
2008,2,10,190,0.19988,0.0823851,1.2805
2008,2,10,195,9.98901e-05,0.12113,1.2805
2008,2,10,200,9.98901e-05,0.156435,1.2805
2008,2,10,205,9.98901e-05,0.166586,1.2805
2008,2,10,210,0.19988,0.142841,1.2805
2008,2,10,215,9.98901e-05,0.0997782,1.2805
2008,2,10,220,0.19988,0.104511,1.2805
2012,2,10,175,0.0303575,0.0290994,16.9026
2012,2,10,180,0.0152287,0.0269362,16.9026
2012,2,10,185,0.12113,0.0466381,16.9026
2012,2,10,190,0.075744,0.077319,16.9026
2012,2,10,195,0.106002,0.117629,16.9026
2012,2,10,200,0.12113,0.155155,16.9026
2012,2,10,205,0.196775,0.169382,16.9026
2012,2,10,210,0.0908728,0.150088,16.9026
2012,2,10,215,0.0606151,0.108626,16.9026
2012,2,10,220,0.12113,0.0652022,16.9026
2012,2,10,225,0.0303575,0.0328266,16.9026
2012,2,10,230,0.0152287,0.0139418,16.9026
2012,2,10,235,9.98502e-05,0.00502485,16.9026
2012,2,10,240,9.98502e-05,0.00157115,16.9026
2012,2,10,245,0.0152287,0.00056072,16.9026
2013,2,10,180,0.0238833,0.0586126,32.2686
2013,2,10,185,0.0397388,0.0517243,32.2686
2013,2,10,190,0.0873056,0.0865268,32.2686
2013,2,10,195,0.198295,0.12861,32.2686
2013,2,10,200,0.158656,0.161874,32.2686
2013,2,10,205,0.119017,0.167115,32.2686
2013,2,10,210,0.0952333,0.140823,32.2686
2013,2,10,215,0.103161,0.0984277,32.2686
2013,2,10,220,0.0635222,0.0581128,32.2686
2013,2,10,225,0.0555944,0.0292514,32.2686
2013,2,10,230,0.0555944,0.0189232,32.2686
2014,2,10,165,0.0833417,0.010159,3.0732
2014,2,10,170,9.98901e-05,0.00981661,3.0732
2014,2,10,175,0.166583,0.0183181,3.0732
2014,2,10,180,0.166583,0.031968,3.0732
2014,2,10,185,0.0833417,0.0537301,3.0732
2014,2,10,190,0.249825,0.0868347,3.0732
2014,2,10,195,9.98901e-05,0.128545,3.0732
2014,2,10,200,9.98901e-05,0.162937,3.0732
2014,2,10,205,0.0833417,0.168078,3.0732
2014,2,10,210,9.98901e-05,0.139215,3.0732
2014,2,10,215,0.166583,0.190399,3.0732
2015,2,10,175,0.0833333,0.0550322,3.0732
2015,2,10,180,0.0833333,0.0442334,3.0732
2015,2,10,185,0.2498,0.0679308,3.0732
2015,2,10,190,0.0833333,0.0992588,3.0732
2015,2,10,195,0.0833333,0.133983,3.0732
2015,2,10,200,9.98801e-05,0.157753,3.0732
2015,2,10,205,9.98801e-05,0.154395,3.0732
2015,2,10,210,0.0833333,0.123664,3.0732
2015,2,10,215,0.0833333,0.082077,3.0732
2015,2,10,220,9.98801e-05,0.0460296,3.0732
2015,2,10,225,0.166567,0.0220927,3.0732
2015,2,10,230,0.0833333,0.0135495,3.0732
2016,2,10,135,0.0185776,0.000242498,13.8294
2016,2,10,140,9.97805e-05,0.000323789,13.8294
2016,2,10,145,0.0185776,0.000546477,13.8294
2016,2,10,150,9.97805e-05,0.00088108,13.8294
2016,2,10,155,9.97805e-05,0.00146564,13.8294
2016,2,10,160,9.97805e-05,0.00280495,13.8294
2016,2,10,165,9.97805e-05,0.00596792,13.8294
2016,2,10,170,0.0185776,0.0125022,13.8294
2016,2,10,175,9.97805e-05,0.0242887,13.8294
2016,2,10,180,0.0740112,0.043844,13.8294
2016,2,10,185,0.0555334,0.0740966,13.8294
2016,2,10,190,0.0924891,0.114567,13.8294
2016,2,10,195,0.0924891,0.154191,13.8294
2016,2,10,200,0.110967,0.171604,13.8294
2016,2,10,205,0.0924891,0.15351,13.8294
2016,2,10,210,0.129445,0.111198,13.8294
2016,2,10,215,0.0924891,0.0673298,13.8294
2016,2,10,220,0.0924891,0.0351065,13.8294
2016,2,10,225,0.0185776,0.0159859,13.8294
2016,2,10,230,0.0555334,0.00637692,13.8294
2016,2,10,235,9.97805e-05,0.00224386,13.8294
2016,2,10,240,0.0370555,0.000923173,13.8294
2017,2,10,180,0.11998,0.0843473,6.4025
2017,2,10,185,0.0400599,0.0669037,6.4025
2017,2,10,190,0.11998,0.105801,6.4025
2017,2,10,195,0.15994,0.149368,6.4025
2017,2,10,200,0.27982,0.176027,6.4025
2017,2,10,205,0.11998,0.164901,6.4025
2017,2,10,210,0.08002,0.121535,6.4025
2017,2,10,215,0.0400599,0.0721807,6.4025
2017,2,10,220,9.99001e-05,0.0357707,6.4025
2017,2,10,225,0.0400599,0.0231649,6.4025
2018,2,10,175,0.0182563,0.0362051,14.0855
2018,2,10,180,0.0182563,0.034671,14.0855
2018,2,10,185,0.0182563,0.0613758,14.0855
2018,2,10,190,0.127195,0.100812,14.0855
2018,2,10,195,0.127195,0.145874,14.0855
2018,2,10,200,0.217977,0.175694,14.0855
2018,2,10,205,0.145351,0.169179,14.0855
2018,2,10,210,0.0908819,0.129094,14.0855
2018,2,10,215,0.109038,0.0795354,14.0855
2018,2,10,220,0.0727255,0.040622,14.0855
2018,2,10,225,0.0182563,0.0175463,14.0855
2018,2,10,230,9.98602e-05,0.00649875,14.0855
2018,2,10,235,0.0182563,0.00210539,14.0855
2018,2,10,240,0.0182563,0.000787708,14.0855
1996,11,16,165,0.0266756,0.144734,2.98124
1996,11,16,170,0.0859564,0.0740227,2.98124
1996,11,16,175,0.0660231,0.0970272,2.98124
1996,11,16,180,0.0646931,0.118921,2.98124
1996,11,16,185,0.143906,0.132992,2.98124
1996,11,16,190,0.0838178,0.131065,2.98124
1996,11,16,195,0.182443,0.111618,2.98124
1996,11,16,200,0.04661,0.0815982,2.98124
1996,11,16,205,0.133276,0.0520483,2.98124
1996,11,16,210,0.104561,0.0298082,2.98124
1996,11,16,215,0.0620372,0.0261661,2.98124
1998,11,16,165,0.0411867,0.146467,20.6224
1998,11,16,170,0.0867846,0.0902926,20.6224
1998,11,16,175,0.051177,0.118683,20.6224
1998,11,16,180,0.20392,0.141105,20.6224
1998,11,16,185,0.278198,0.1468,20.6224
1998,11,16,190,0.123036,0.12931,20.6224
1998,11,16,195,0.0743772,0.0957204,20.6224
1998,11,16,200,0.0439251,0.0607048,20.6224
1998,11,16,205,0.0287795,0.0347213,20.6224
1998,11,16,210,0.0276518,0.0189137,20.6224
1998,11,16,215,0.0274907,0.00975478,20.6224
1998,11,16,220,0.013473,0.00752607,20.6224
1999,11,16,165,0.0175628,0.161901,17.0764
1999,11,16,170,0.177633,0.0911242,17.0764
1999,11,16,175,0.150994,0.106892,17.0764
1999,11,16,180,0.275975,0.118486,17.0764
1999,11,16,185,0.0364339,0.12536,17.0764
1999,11,16,190,0.225677,0.121721,17.0764
1999,11,16,195,0.0953444,0.103794,17.0764
1999,11,16,200,0.0203794,0.170722,17.0764
2002,8,16,155,0.011202,0.0584344,3.11986
2002,8,16,160,0.00287543,0.0484723,3.11986
2002,8,16,165,0.0932851,0.0596079,3.11986
2002,8,16,170,0.0458671,0.0635412,3.11986
2002,8,16,175,0.0487886,0.067624,3.11986
2002,8,16,180,0.0995445,0.0798354,3.11986
2002,8,16,185,0.210091,0.0994773,3.11986
2002,8,16,190,0.117557,0.116685,3.11986
2002,8,16,195,0.139761,0.119788,3.11986
2002,8,16,200,0.0215957,0.104239,3.11986
2002,8,16,205,0.0695762,0.0775516,3.11986
2002,8,16,210,0.0388995,0.0508013,3.11986
2002,8,16,215,0.0520688,0.0292653,3.11986
2002,8,16,220,0.00842641,0.0147569,3.11986
2002,8,16,225,0.040462,0.00992104,3.11986
2002,11,16,145,0.0183603,0.0103348,3.61575
2002,11,16,150,0.00923007,0.0112401,3.61575
2002,11,16,155,0.0110561,0.0246237,3.61575
2002,11,16,160,0.0128821,0.046549,3.61575
2002,11,16,165,0.0542475,0.0705101,3.61575
2002,11,16,170,0.0311426,0.0857799,3.61575
2002,11,16,175,0.0308257,0.0890207,3.61575
2002,11,16,180,0.0454341,0.0885533,3.61575
2002,11,16,185,0.0439248,0.0935712,3.61575
2002,11,16,190,0.117209,0.102661,3.61575
2002,11,16,195,0.12483,0.105682,3.61575
2002,11,16,200,0.143965,0.0947103,3.61575
2002,11,16,205,0.185889,0.0729321,3.61575
2002,11,16,210,0.0700483,0.0492688,3.61575
2002,11,16,215,0.039956,0.0290861,3.61575
2002,11,16,220,0.0143913,0.0149399,3.61575
2002,11,16,225,0.0232047,0.0066604,3.61575
2002,11,16,230,0.00192579,0.00258871,3.61575
2002,11,16,235,0.0107392,0.000904933,3.61575
2002,11,16,240,0.0107392,0.000383337,3.61575
2003,2,16,115,0.0169649,0.000128687,0.800231
2003,2,16,120,0.0169649,0.0001277,0.800231
2003,2,16,125,9.97904e-05,0.000192883,0.800231
2003,2,16,130,0.0169649,0.000459249,0.800231
2003,2,16,135,0.0338293,0.00124858,0.800231
2003,2,16,140,0.0253971,0.00296156,0.800231
2003,2,16,145,0.0591265,0.00586498,0.800231
2003,2,16,150,0.0635231,0.0105488,0.800231
2003,2,16,155,0.0803875,0.0195153,0.800231
2003,2,16,160,0.0976128,0.0371892,0.800231
2003,2,16,165,0.0550902,0.0645625,0.800231
2003,2,16,170,0.0803875,0.0930272,0.800231
2003,2,16,175,0.0763519,0.109236,0.800231
2003,2,16,180,0.101648,0.109292,0.800231
2003,2,16,185,0.114477,0.102512,0.800231
2003,2,16,190,0.101648,0.0982063,0.800231
2003,2,16,195,0.0169649,0.0947395,0.800231
2003,2,16,200,9.97904e-05,0.0845598,0.800231
2003,2,16,205,0.0253971,0.0665792,0.800231
2003,2,16,210,9.97904e-05,0.046255,0.800231
2003,2,16,215,0.0169642,0.0527933,0.800231
2003,5,16,90,0.0430036,9.97649e-05,2.90661
2003,5,16,95,9.97506e-05,9.98666e-05,2.90661
2003,5,16,100,9.97506e-05,0.000100516,2.90661
2003,5,16,105,9.97506e-05,0.000103497,2.90661
2003,5,16,110,0.0214405,0.00011334,2.90661
2003,5,16,115,9.97506e-05,0.000136421,2.90661
2003,5,16,120,9.97506e-05,0.000174693,2.90661
2003,5,16,125,0.0060476,0.000226282,2.90661
2003,5,16,130,0.00208231,0.000335178,2.90661
2003,5,16,135,0.00208231,0.000734055,2.90661
2003,5,16,140,0.00406505,0.0020173,2.90661
2003,5,16,145,0.0060476,0.0050568,2.90661
2003,5,16,150,0.00803034,0.0105166,2.90661
2003,5,16,155,0.00406505,0.0189271,2.90661
2003,5,16,160,0.0060476,0.0323249,2.90661
2003,5,16,165,0.0254056,0.054456,2.90661
2003,5,16,170,0.0938378,0.0849287,2.90661
2003,5,16,175,0.117161,0.113199,2.90661
2003,5,16,180,0.092101,0.125476,2.90661
2003,5,16,185,0.275143,0.11952,2.90661
2003,5,16,190,0.103528,0.105597,2.90661
2003,5,16,195,0.0548993,0.0921232,2.90661
2003,5,16,200,0.0254056,0.0780465,2.90661
2003,5,16,205,0.0430036,0.0611635,2.90661
2003,5,16,210,0.0661041,0.0945236,2.90661
2003,8,16,135,0.0152216,0.00178828,1.82738
2003,8,16,140,9.98104e-05,0.00158755,1.82738
2003,8,16,145,9.98104e-05,0.00357627,1.82738
2003,8,16,150,9.98104e-05,0.00849803,1.82738
2003,8,16,155,9.98104e-05,0.0176917,1.82738
2003,8,16,160,0.00614853,0.0315419,1.82738
2003,8,16,165,0.0369452,0.0508031,1.82738
2003,8,16,170,0.0490423,0.0769749,1.82738
2003,8,16,175,0.116684,0.107027,1.82738
2003,8,16,180,0.196423,0.129348,1.82738
2003,8,16,185,0.0333672,0.132576,1.82738
2003,8,16,190,0.125757,0.118112,1.82738
2003,8,16,195,0.193399,0.0968891,1.82738
2003,8,16,200,0.0979848,0.0761514,1.82738
2003,8,16,205,0.0273185,0.0573396,1.82738
2003,8,16,210,0.012197,0.0404147,1.82738
2003,8,16,215,0.0091726,0.0254501,1.82738
2003,8,16,220,0.0369452,0.0139334,1.82738
2003,8,16,225,0.0429939,0.0102975,1.82738
2004,2,16,160,0.0244073,0.0569011,0.483533
2004,2,16,165,0.0365617,0.0422615,0.483533
2004,2,16,170,0.144187,0.0679702,0.483533
2004,2,16,175,0.0487161,0.0969096,0.483533
2004,2,16,180,0.10021,0.122673,0.483533
2004,2,16,185,0.0244073,0.137258,0.483533
2004,2,16,190,0.0365617,0.133801,0.483533
2004,2,16,195,0.0805402,0.11316,0.483533
2004,2,16,200,0.0608705,0.0844467,0.483533
2004,2,16,205,0.0440782,0.0581322,0.483533
2004,2,16,210,0.0683858,0.0383197,0.483533
2004,2,16,215,0.0440782,0.0235833,0.483533
2004,2,16,220,0.0122541,0.0130425,0.483533
2004,2,16,225,0.0244073,0.00630279,0.483533
2004,2,16,230,0.10021,0.00263649,0.483533
2004,2,16,235,9.97108e-05,0.000975767,0.483533
2004,2,16,240,0.0440782,0.000353715,0.483533
2004,2,16,245,0.0440782,0.00016132,0.483533
2004,2,16,250,9.97108e-05,0.00011218,0.483533
2004,2,16,255,0.0122541,0.000101812,0.483533
2004,2,16,260,0.0122541,0.000100005,0.483533
2004,2,16,265,0.0122541,9.9745e-05,0.483533
2004,2,16,270,0.0122541,9.97141e-05,0.483533
2004,2,16,275,9.97108e-05,9.9711e-05,0.483533
2004,2,16,280,9.97108e-05,9.97108e-05,0.483533
2004,2,16,285,9.97108e-05,9.97108e-05,0.483533
2004,2,16,290,9.97108e-05,9.97108e-05,0.483533
2004,2,16,295,9.97108e-05,9.97108e-05,0.483533
2004,2,16,300,0.0122541,9.97108e-05,0.483533
2004,11,16,140,0.0160647,0.00549169,3.45692
2004,11,16,145,9.97904e-05,0.00450665,3.45692
2004,11,16,150,0.00222616,0.00775166,3.45692
2004,11,16,155,0.0522472,0.0151076,3.45692
2004,11,16,160,0.025532,0.0282956,3.45692
2004,11,16,165,0.0384088,0.0458087,3.45692
2004,11,16,170,0.0753166,0.0645127,3.45692
2004,11,16,175,0.0925644,0.0838148,3.45692
2004,11,16,180,0.0767177,0.104604,3.45692
2004,11,16,185,0.109373,0.123292,3.45692
2004,11,16,190,0.0902017,0.131268,3.45692
2004,11,16,195,0.0946908,0.122198,3.45692
2004,11,16,200,0.0892401,0.0981108,3.45692
2004,11,16,205,0.114469,0.0692467,3.45692
2004,11,16,210,0.0245703,0.0446032,3.45692
2004,11,16,215,0.0319112,0.0262772,3.45692
2004,11,16,220,0.018191,0.0140393,3.45692
2004,11,16,225,0.0203174,0.00670325,3.45692
2004,11,16,230,0.00222616,0.00282687,3.45692
2004,11,16,235,0.00956723,0.00106424,3.45692
2004,11,16,240,0.0160647,0.000478355,3.45692
2005,11,16,160,0.0125427,0.0662554,1.30273
2005,11,16,165,0.0125427,0.0510896,1.30273
2005,11,16,170,0.051089,0.0703936,1.30273
2005,11,16,175,0.0187639,0.0878886,1.30273
2005,11,16,180,0.0836575,0.104134,1.30273
2005,11,16,185,0.174045,0.117005,1.30273
2005,11,16,190,0.205395,0.121316,1.30273
2005,11,16,195,0.10842,0.11357,1.30273
2005,11,16,200,0.141111,0.0945897,1.30273
2005,11,16,205,0.0771929,0.0703907,1.30273
2005,11,16,210,0.0445016,0.0475335,1.30273
2005,11,16,215,0.0515752,0.0287181,1.30273
2005,11,16,220,0.00632104,0.0153442,1.30273
2005,11,16,225,9.98303e-05,0.00720462,1.30273
2005,11,16,230,9.98303e-05,0.00297416,1.30273
2005,11,16,235,9.98303e-05,0.00110105,1.30273
2005,11,16,240,0.0125423,0.000491698,1.30273
2006,11,16,150,0.0149217,0.0290308,3.078
2006,11,16,155,0.0241551,0.0174465,3.078
2006,11,16,160,9.98602e-05,0.0302894,3.078
2006,11,16,165,9.98602e-05,0.0482755,3.078
2006,11,16,170,0.154449,0.0681482,3.078
2006,11,16,175,0.0293741,0.088198,3.078
2006,11,16,180,0.138141,0.107312,3.078
2006,11,16,185,0.17257,0.120927,3.078
2006,11,16,190,0.0712168,0.122934,3.078
2006,11,16,195,0.0923092,0.111564,3.078
2006,11,16,200,0.0614902,0.0903724,3.078
2006,11,16,205,0.115903,0.0663668,3.078
2006,11,16,210,0.0981485,0.0450101,3.078
2006,11,16,215,0.0271206,0.0541247,3.078
2007,8,16,110,0.0119358,0.000108917,1.0124
2007,8,16,115,9.97506e-05,0.000134228,1.0124
2007,8,16,120,0.0555477,0.000214905,1.0124
2007,8,16,125,9.97506e-05,0.00039052,1.0124
2007,8,16,130,9.97506e-05,0.000683243,1.0124
2007,8,16,135,9.97506e-05,0.00119499,1.0124
2007,8,16,140,9.97506e-05,0.00258659,1.0124
2007,8,16,145,9.97506e-05,0.00678577,1.0124
2007,8,16,150,0.0555477,0.0166399,1.0124
2007,8,16,155,9.97506e-05,0.0330961,1.0124
2007,8,16,160,0.0124551,0.052187,1.0124
2007,8,16,165,0.0479628,0.0676756,1.0124
2007,8,16,170,0.0484821,0.0783004,1.0124
2007,8,16,175,0.239017,0.0885269,1.0124
2007,8,16,180,0.147542,0.100461,1.0124
2007,8,16,185,0.0797392,0.109756,1.0124
2007,8,16,190,0.110996,0.110598,1.0124
2007,8,16,195,0.115766,0.100715,1.0124
2007,8,16,200,0.0248099,0.0818619,1.0124
2007,8,16,205,0.0371653,0.0598489,1.0124
2007,8,16,210,9.97506e-05,0.0401708,1.0124
2007,8,16,215,9.97506e-05,0.0244512,1.0124
2007,8,16,220,9.97506e-05,0.0132935,1.0124
2007,8,16,225,9.97506e-05,0.00637282,1.0124
2007,8,16,230,0.0119358,0.00394558,1.0124
2007,11,16,150,0.0317573,0.0217011,1.22217
2007,11,16,155,0.116914,0.0250125,1.22217
2007,11,16,160,0.0238429,0.0478325,1.22217
2007,11,16,165,0.0615826,0.074189,1.22217
2007,11,16,170,0.030841,0.0942361,1.22217
2007,11,16,175,0.139741,0.103825,1.22217
2007,11,16,180,0.0846918,0.107206,1.22217
2007,11,16,185,0.0229267,0.108421,1.22217
2007,11,16,190,0.225249,0.105643,1.22217
2007,11,16,195,0.131827,0.0953038,1.22217
2007,11,16,200,0.130628,0.21663,1.22217
2008,8,16,100,0.0257302,9.98877e-05,2.06795
2008,8,16,105,9.97307e-05,0.000100884,2.06795
2008,8,16,110,0.0225838,0.000106661,2.06795
2008,8,16,115,0.0225838,0.000130712,2.06795
2008,8,16,120,9.97307e-05,0.000202963,2.06795
2008,8,16,125,0.0257302,0.000357753,2.06795
2008,8,16,130,0.0225838,0.000596428,2.06795
2008,8,16,135,0.0675516,0.000913559,2.06795
2008,8,16,140,0.0126863,0.00155005,2.06795
2008,8,16,145,0.0063929,0.00340272,2.06795
2008,8,16,150,9.97307e-05,0.00801436,2.06795
2008,8,16,155,0.00324645,0.0167066,2.06795
2008,8,16,160,0.0545077,0.0300209,2.06795
2008,8,16,165,0.102622,0.0490564,2.06795
2008,8,16,170,0.1314,0.075799,2.06795
2008,8,16,175,0.143986,0.107817,2.06795
2008,8,16,180,0.115209,0.133706,2.06795
2008,8,16,185,0.0540502,0.140719,2.06795
2008,8,16,190,0.015833,0.127223,2.06795
2008,8,16,195,0.0383168,0.102317,2.06795
2008,8,16,200,0.0414636,0.0753632,2.06795
2008,8,16,205,0.00953962,0.0519612,2.06795
2008,8,16,210,0.0320237,0.0339131,2.06795
2008,8,16,215,0.0257302,0.0203832,2.06795
2008,8,16,220,0.00324645,0.011011,2.06795
2008,8,16,225,9.97307e-05,0.00526463,2.06795
2008,8,16,230,0.0225838,0.00326192,2.06795
2008,11,16,100,0.0116772,9.97642e-05,6.507
2008,11,16,105,9.97506e-05,9.99093e-05,6.507
2008,11,16,110,9.97506e-05,0.000101226,6.507
2008,11,16,115,9.97506e-05,0.000109996,6.507
2008,11,16,120,9.97506e-05,0.000152878,6.507
2008,11,16,125,0.0216514,0.000305785,6.507
2008,11,16,130,0.00325154,0.000699602,6.507
2008,11,16,135,0.0124514,0.00142829,6.507
2008,11,16,140,0.0476751,0.00244164,6.507
2008,11,16,145,0.0200755,0.00383241,6.507
2008,11,16,150,9.97506e-05,0.00666506,6.507
2008,11,16,155,0.00167565,0.0132965,6.507
2008,11,16,160,0.00720498,0.0259826,6.507
2008,11,16,165,0.0387186,0.0451901,6.507
2008,11,16,170,0.125742,0.0701997,6.507
2008,11,16,175,0.112618,0.0995645,6.507
2008,11,16,180,0.118428,0.127452,6.507
2008,11,16,185,0.10322,0.142398,6.507
2008,11,16,190,0.109538,0.136145,6.507
2008,11,16,195,0.111928,0.112249,6.507
2008,11,16,200,0.0490699,0.0817923,6.507
2008,11,16,205,0.0258877,0.0548134,6.507
2008,11,16,210,0.0550633,0.0348782,6.507
2008,11,16,215,0.00247729,0.0206556,6.507
2008,11,16,220,0.0211478,0.019446,6.507
2009,5,16,75,0.0463602,9.97108e-05,0.644652
2009,5,16,80,9.97108e-05,9.97109e-05,0.644652
2009,5,16,85,9.97108e-05,9.97121e-05,0.644652
2009,5,16,90,9.97108e-05,9.97256e-05,0.644652
2009,5,16,95,9.97108e-05,9.98421e-05,0.644652
2009,5,16,100,9.97108e-05,0.000100577,0.644652
2009,5,16,105,9.97108e-05,0.00010395,0.644652
2009,5,16,110,9.97108e-05,0.000115086,0.644652
2009,5,16,115,9.97108e-05,0.000141181,0.644652
2009,5,16,120,9.97108e-05,0.000184245,0.644652
2009,5,16,125,9.97108e-05,0.000240725,0.644652
2009,5,16,130,9.97108e-05,0.000352946,0.644652
2009,5,16,135,9.97108e-05,0.000756309,0.644652
2009,5,16,140,9.97108e-05,0.00204684,0.644652
2009,5,16,145,9.97108e-05,0.00503593,0.644652
2009,5,16,150,9.97108e-05,0.0100407,0.644652
2009,5,16,155,9.97108e-05,0.016513,0.644652
2009,5,16,160,0.0463602,0.0245565,0.644652
2009,5,16,165,0.0463602,0.0369073,0.644652
2009,5,16,170,0.122849,0.0571766,0.644652
2009,5,16,175,9.97108e-05,0.0850471,0.644652
2009,5,16,180,0.107735,0.114484,0.644652
2009,5,16,185,0.169109,0.13617,0.644652
2009,5,16,190,0.137963,0.141147,0.644652
2009,5,16,195,0.0765883,0.125863,0.644652
2009,5,16,200,0.137963,0.0960251,0.644652
2009,5,16,205,0.0765883,0.0643375,0.644652
2009,5,16,210,9.97108e-05,0.0395786,0.644652
2009,5,16,215,0.0303278,0.0425772,0.644652
2009,8,16,110,0.010194,0.000108644,1.15714
2009,8,16,115,0.010194,0.000133239,1.15714
2009,8,16,120,9.97307e-05,0.000211378,1.15714
2009,8,16,125,9.97307e-05,0.000378751,1.15714
2009,8,16,130,0.010194,0.000636551,1.15714
2009,8,16,135,9.97307e-05,0.000977327,1.15714
2009,8,16,140,9.97307e-05,0.00165358,1.15714
2009,8,16,145,9.97307e-05,0.00359742,1.15714
2009,8,16,150,0.0387591,0.00831345,1.15714
2009,8,16,155,9.97307e-05,0.0166425,1.15714
2009,8,16,160,0.0333454,0.0276544,1.15714
2009,8,16,165,0.010194,0.0402551,1.15714
2009,8,16,170,0.0518157,0.0561584,1.15714
2009,8,16,175,0.0564968,0.0784212,1.15714
2009,8,16,180,0.175437,0.105567,1.15714
2009,8,16,185,0.118307,0.129278,1.15714
2009,8,16,190,0.0820991,0.13897,1.15714
2009,8,16,195,0.0720048,0.128753,1.15714
2009,8,16,200,0.0387591,0.101829,1.15714
2009,8,16,205,0.0488534,0.0700523,1.15714
2009,8,16,210,0.116078,0.043569,1.15714
2009,8,16,215,0.0488534,0.0246466,1.15714
2009,8,16,220,9.97307e-05,0.0126439,1.15714
2009,8,16,225,9.97307e-05,0.00583149,1.15714
2009,8,16,230,0.0387591,0.00240367,1.15714
2009,8,16,235,9.97307e-05,0.000901638,1.15714
2009,8,16,240,0.0387591,0.000413795,1.15714
2009,11,16,130,0.0121248,0.00106703,6.291
2009,11,16,135,0.00748058,0.00157415,6.291
2009,11,16,140,9.98004e-05,0.00269204,6.291
2009,11,16,145,0.00748058,0.00419821,6.291
2009,11,16,150,0.00988564,0.00718132,6.291
2009,11,16,155,0.0296229,0.0139412,6.291
2009,11,16,160,0.0479709,0.0260779,6.291
2009,11,16,165,0.037222,0.0422581,6.291
2009,11,16,170,0.0576856,0.0597879,6.291
2009,11,16,175,0.0786991,0.078605,6.291
2009,11,16,180,0.089282,0.100245,6.291
2009,11,16,185,0.0898851,0.121692,6.291
2009,11,16,190,0.190695,0.133864,6.291
2009,11,16,195,0.156954,0.128418,6.291
2009,11,16,200,0.0858194,0.105289,6.291
2009,11,16,205,0.0351591,0.0747195,6.291
2009,11,16,210,0.026047,0.0474522,6.291
2009,11,16,215,0.0237656,0.0270647,6.291
2009,11,16,220,0.00250486,0.0138517,6.291
2009,11,16,225,0.011617,0.0100209,6.291
2010,2,16,60,0.0503356,9.96512e-05,1.11985
2010,2,16,65,9.96512e-05,9.96512e-05,1.11985
2010,2,16,70,9.96512e-05,9.96513e-05,1.11985
2010,2,16,75,9.96512e-05,9.96514e-05,1.11985
2010,2,16,80,9.96512e-05,9.96531e-05,1.11985
2010,2,16,85,9.96512e-05,9.96671e-05,1.11985
2010,2,16,90,9.96512e-05,9.97571e-05,1.11985
2010,2,16,95,9.96512e-05,0.000100181,1.11985
2010,2,16,100,9.96512e-05,0.000101615,1.11985
2010,2,16,105,9.96512e-05,0.000105032,1.11985
2010,2,16,110,9.96512e-05,0.000110678,1.11985
2010,2,16,115,9.96512e-05,0.00011787,1.11985
2010,2,16,120,9.96512e-05,0.000133623,1.11985
2010,2,16,125,9.96512e-05,0.000207366,1.11985
2010,2,16,130,9.96512e-05,0.000508951,1.11985
2010,2,16,135,9.96512e-05,0.00139663,1.11985
2010,2,16,140,9.96512e-05,0.0032682,1.11985
2010,2,16,145,9.96512e-05,0.00614231,1.11985
2010,2,16,150,0.0548305,0.00972669,1.11985
2010,2,16,155,0.0918563,0.0147631,1.11985
2010,2,16,160,0.100572,0.0239812,1.11985
2010,2,16,165,0.169814,0.039729,1.11985
2010,2,16,170,0.104038,0.0603431,1.11985
2010,2,16,175,0.0667383,0.0814313,1.11985
2010,2,16,180,0.0931581,0.10072,1.11985
2010,2,16,185,0.0416204,0.117624,1.11985
2010,2,16,190,0.0133098,0.128034,1.11985
2010,2,16,195,0.0548305,0.12479,1.11985
2010,2,16,200,0.0799484,0.105169,1.11985
2010,2,16,205,0.0384277,0.076762,1.11985
2010,2,16,210,9.96512e-05,0.0498332,1.11985
2010,2,16,215,0.0133098,0.0287737,1.11985
2010,2,16,220,9.96512e-05,0.0147575,1.11985
2010,2,16,225,9.96512e-05,0.00671423,1.11985
2010,2,16,230,0.0252176,0.00395767,1.11985
2010,8,16,100,0.0538873,9.99161e-05,0.614153
2010,8,16,105,9.97108e-05,0.000101219,0.614153
2010,8,16,110,0.0373331,0.000108772,0.614153
2010,8,16,115,0.0373331,0.000140217,0.614153
2010,8,16,120,0.0373331,0.000234665,0.614153
2010,8,16,125,9.97108e-05,0.000436854,0.614153
2010,8,16,130,9.97108e-05,0.000747359,0.614153
2010,8,16,135,0.0745674,0.0011526,0.614153
2010,8,16,140,0.0373331,0.0019408,0.614153
2010,8,16,145,9.97108e-05,0.00419533,0.614153
2010,8,16,150,9.97108e-05,0.0096612,0.614153
2010,8,16,155,0.0373331,0.019261,0.614153
2010,8,16,160,0.0166539,0.0316861,0.614153
2010,8,16,165,0.0373331,0.0450301,0.614153
2010,8,16,170,0.128355,0.0599987,0.614153
2010,8,16,175,0.0166539,0.0785313,0.614153
2010,8,16,180,0.161462,0.0987942,0.614153
2010,8,16,185,0.0869948,0.115121,0.614153
2010,8,16,190,0.0538873,0.122572,0.614153
2010,8,16,195,0.0745674,0.118424,0.614153
2010,8,16,200,0.0911216,0.101797,0.614153
2010,8,16,205,9.97108e-05,0.0773342,0.614153
2010,8,16,210,9.97108e-05,0.0524926,0.614153
2010,8,16,215,9.97108e-05,0.0314485,0.614153
2010,8,16,220,9.97108e-05,0.0165022,0.614153
2010,8,16,225,9.97108e-05,0.00756576,0.614153
2010,8,16,230,9.97108e-05,0.00304284,0.614153
2010,8,16,235,9.97108e-05,0.00109923,0.614153
2010,8,16,240,0.0166539,0.000480285,0.614153
2010,11,16,150,0.0105272,0.0193247,4.293
2010,11,16,155,0.0204603,0.0161977,4.293
2010,11,16,160,0.029061,0.0300622,4.293
2010,11,16,165,0.0280172,0.0480753,4.293
2010,11,16,170,0.0494292,0.0661575,4.293
2010,11,16,175,0.104766,0.0827442,4.293
2010,11,16,180,0.0963786,0.0987105,4.293
2010,11,16,185,0.125347,0.112558,4.293
2010,11,16,190,0.0932345,0.119542,4.293
2010,11,16,195,0.127122,0.115517,4.293
2010,11,16,200,0.139421,0.0995774,4.293
2010,11,16,205,0.0366217,0.0764157,4.293
2010,11,16,210,0.0541115,0.0527506,4.293
2010,11,16,215,0.013398,0.0322124,4.293
2010,11,16,220,0.0280172,0.01719,4.293
2010,11,16,225,0.00297054,0.00797417,4.293
2010,11,16,230,0.0175896,0.00322457,4.293
2010,11,16,235,9.98004e-05,0.00116295,4.293
2010,11,16,240,9.98004e-05,0.000408461,4.293
2010,11,16,245,0.0233272,0.000194934,4.293
2011,2,16,135,0.0400449,0.00231933,0.601322
2011,2,16,140,9.97407e-05,0.00387799,0.601322
2011,2,16,145,9.97407e-05,0.00729278,0.601322
2011,2,16,150,0.0400449,0.0115037,0.601322
2011,2,16,155,9.97407e-05,0.0172999,0.601322
2011,2,16,160,0.0184417,0.0277616,0.601322
2011,2,16,165,0.119935,0.0454062,0.601322
2011,2,16,170,0.174962,0.0677077,0.601322
2011,2,16,175,0.0184417,0.0883889,0.601322
2011,2,16,180,9.97407e-05,0.103617,0.601322
2011,2,16,185,0.0767289,0.113347,0.601322
2011,2,16,190,0.15662,0.116895,0.601322
2011,2,16,195,9.97407e-05,0.111522,0.601322
2011,2,16,200,0.116675,0.0957671,0.601322
2011,2,16,205,9.97407e-05,0.0736667,0.601322
2011,2,16,210,0.0767289,0.0512882,0.601322
2011,2,16,215,9.97407e-05,0.0317246,0.601322
2011,2,16,220,9.97407e-05,0.0171668,0.601322
2011,2,16,225,0.0400449,0.00805941,0.601322
2011,2,16,230,0.0400449,0.00328593,0.601322
2011,2,16,235,9.97407e-05,0.0011892,0.601322
2011,2,16,240,0.0400449,0.000416659,0.601322
2011,2,16,245,9.97407e-05,0.000177856,0.601322
2011,2,16,250,9.97407e-05,0.000115988,0.601322
2011,2,16,255,9.97407e-05,0.00010258,0.601322
2011,2,16,260,0.0400449,0.000100212,0.601322
2011,5,16,80,0.0200094,9.9701e-05,2.106
2011,5,16,85,9.97009e-05,9.97021e-05,2.106
2011,5,16,90,0.0200094,9.97154e-05,2.106
2011,5,16,95,9.97009e-05,9.98295e-05,2.106
2011,5,16,100,9.97009e-05,0.00010055,2.106
2011,5,16,105,9.97009e-05,0.000103853,2.106
2011,5,16,110,9.97009e-05,0.000114768,2.106
2011,5,16,115,0.0189547,0.000140419,2.106
2011,5,16,120,9.97009e-05,0.000183536,2.106
2011,5,16,125,9.97009e-05,0.000246099,2.106
2011,5,16,130,0.00895007,0.000397584,2.106
2011,5,16,135,0.0200094,0.000968783,2.106
2011,5,16,140,9.97009e-05,0.00277921,2.106
2011,5,16,145,0.0399189,0.00693501,2.106
2011,5,16,150,0.00895007,0.0138132,2.106
2011,5,16,155,0.0377099,0.0224296,2.106
2011,5,16,160,0.133984,0.0322932,2.106
2011,5,16,165,0.0571866,0.0457749,2.106
2011,5,16,170,0.195503,0.0654461,2.106
2011,5,16,175,0.0598287,0.0883746,2.106
2011,5,16,180,0.0587742,0.107048,2.106
2011,5,16,185,0.0466493,0.116522,2.106
2011,5,16,190,0.0958516,0.116686,2.106
2011,5,16,195,0.0959513,0.108336,2.106
2011,5,16,200,0.0184219,0.0916861,2.106
2011,5,16,205,0.00841731,0.070243,2.106
2011,5,16,210,0.0101043,0.0490583,2.106
2011,5,16,215,0.0172677,0.0305897,2.106
2011,5,16,220,0.00895007,0.0167282,2.106
2011,5,16,225,0.0178004,0.012603,2.106
2011,8,16,110,0.0298665,0.000108716,0.885389
2011,8,16,115,0.0298665,0.000133435,0.885389
2011,8,16,120,0.0337405,0.000212067,0.885389
2011,8,16,125,9.97606e-05,0.000381567,0.885389
2011,8,16,130,0.021554,0.000651133,0.885389
2011,8,16,135,9.97606e-05,0.00105518,0.885389
2011,8,16,140,9.97606e-05,0.00200128,0.885389
2011,8,16,145,0.021554,0.00480174,0.885389
2011,8,16,150,0.0149835,0.0114968,0.885389
2011,8,16,155,0.0122862,0.0230872,0.885389
2011,8,16,160,0.0337405,0.0377995,0.885389
2011,8,16,165,0.11029,0.0529698,0.885389
2011,8,16,170,0.0515423,0.0689092,0.885389
2011,8,16,175,0.0644631,0.0873479,0.885389
2011,8,16,180,0.0756938,0.105548,0.885389
2011,8,16,185,0.111076,0.116754,0.885389
2011,8,16,190,0.108379,0.116904,0.885389
2011,8,16,195,0.111076,0.106806,0.885389
2011,8,16,200,0.0756938,0.0889702,0.885389
2011,8,16,205,0.0515423,0.0677212,0.885389
2011,8,16,210,0.0149835,0.0474149,0.885389
2011,8,16,215,9.97606e-05,0.0298087,0.885389
2011,8,16,220,0.0122862,0.0164836,0.885389
2011,8,16,225,0.0149835,0.0126346,0.885389
2011,11,16,120,0.0127447,0.000173209,5.184
2011,11,16,125,9.97904e-05,0.000332593,5.184
2011,11,16,130,9.97904e-05,0.000779149,5.184
2011,11,16,135,9.97904e-05,0.00161687,5.184
2011,11,16,140,9.97904e-05,0.00284689,5.184
2011,11,16,145,0.00642225,0.00477758,5.184
2011,11,16,150,9.97904e-05,0.00906343,5.184
2011,11,16,155,0.00278,0.0187894,5.184
2011,11,16,160,0.00642225,0.0357204,5.184
2011,11,16,165,0.0599675,0.0570239,5.184
2011,11,16,170,0.090536,0.0771453,5.184
2011,11,16,175,0.0526663,0.0935187,5.184
2011,11,16,180,0.088474,0.10679,5.184
2011,11,16,185,0.134034,0.115464,5.184
2011,11,16,190,0.16352,0.115486,5.184
2011,11,16,195,0.111909,0.105166,5.184
2011,11,16,200,0.0642841,0.0867185,5.184
2011,11,16,205,0.0612666,0.0654181,5.184
2011,11,16,210,0.0741801,0.0457138,5.184
2011,11,16,215,0.0418801,0.0288803,5.184
2011,11,16,220,0.0284137,0.0285761,5.184
2016,11,16,165,0.0222977,0.162719,0.939298
2016,11,16,170,9.98602e-05,0.0927519,0.939298
2016,11,16,175,0.0241228,0.10997,0.939298
2016,11,16,180,0.114739,0.122014,0.939298
2016,11,16,185,0.116564,0.127101,0.939298
2016,11,16,190,0.111089,0.120112,0.939298
2016,11,16,195,0.159134,0.099717,0.939298
2016,11,16,200,0.20353,0.0715869,0.939298
2016,11,16,205,0.112914,0.0450587,0.939298
2016,11,16,210,0.0222977,0.0256447,0.939298
2016,11,16,215,0.0666929,0.0131932,0.939298
2016,11,16,220,9.98602e-05,0.00613192,0.939298
2016,11,16,225,0.0241228,0.00258702,0.939298
2016,11,16,230,0.0222977,0.0014121,0.939298
2017,11,16,155,0.0121141,0.0437033,0.585344
2017,11,16,160,9.98702e-05,0.0368689,0.585344
2017,11,16,165,9.98702e-05,0.0594161,0.585344
2017,11,16,170,0.0121141,0.0826544,0.585344
2017,11,16,175,0.103223,0.103908,0.585344
2017,11,16,180,0.0636758,0.121779,0.585344
2017,11,16,185,0.142772,0.131298,0.585344
2017,11,16,190,0.209853,0.126223,0.585344
2017,11,16,195,0.142772,0.106295,0.585344
2017,11,16,200,0.09121,0.0781179,0.585344
2017,11,16,205,0.182319,0.0509742,0.585344
2017,11,16,210,9.98702e-05,0.0302738,0.585344
2017,11,16,215,0.0396473,0.0284888,0.585344
2018,11,16,105,0.0266946,9.99163e-05,0.766687
2018,11,16,110,0.0778388,0.000101321,0.766687
2018,11,16,115,0.0266946,0.000110771,0.766687
2018,11,16,120,9.97307e-05,0.000156996,0.766687
2018,11,16,125,9.97307e-05,0.000322021,0.766687
2018,11,16,130,9.97307e-05,0.000749107,0.766687
2018,11,16,135,9.97307e-05,0.00155538,0.766687
2018,11,16,140,9.97307e-05,0.00276792,0.766687
2018,11,16,145,9.97307e-05,0.0047752,0.766687
2018,11,16,150,9.97307e-05,0.00938471,0.766687
2018,11,16,155,9.97307e-05,0.0198677,0.766687
2018,11,16,160,0.0266946,0.0380502,0.766687
2018,11,16,165,0.0266946,0.060884,0.766687
2018,11,16,170,0.0266946,0.082504,0.766687
2018,11,16,175,0.0798843,0.100318,0.766687
2018,11,16,180,0.0532894,0.115033,0.766687
2018,11,16,185,0.0532894,0.124462,0.766687
2018,11,16,190,0.105456,0.122959,0.766687
2018,11,16,195,0.181149,0.107842,0.766687
2018,11,16,200,0.0522667,0.0827679,0.766687
2018,11,16,205,0.0768154,0.0561881,0.766687
2018,11,16,210,0.0266946,0.034535,0.766687
2018,11,16,215,0.0532894,0.0190265,0.766687
2018,11,16,220,0.0532894,0.00929394,0.766687
2018,11,16,225,9.97307e-05,0.00400349,0.766687
2018,11,16,230,0.0266946,0.00153456,0.766687
2018,11,16,235,0.0256718,0.000708553,0.766687
2019,8,16,100,0.0277473,0.00010015,0.719663
2019,8,16,105,9.97407e-05,0.000102746,0.719663
2019,8,16,110,0.0277473,0.000117794,0.719663
2019,8,16,115,9.97407e-05,0.000180421,0.719663
2019,8,16,120,0.0277473,0.000368228,0.719663
2019,8,16,125,9.97407e-05,0.000767092,0.719663
2019,8,16,130,0.110691,0.0013544,0.719663
2019,8,16,135,0.0830431,0.00197866,0.719663
2019,8,16,140,0.0553956,0.00275706,0.719663
2019,8,16,145,0.0277473,0.00473138,0.719663
2019,8,16,150,9.97407e-05,0.00980202,0.719663
2019,8,16,155,9.97407e-05,0.0192881,0.719663
2019,8,16,160,9.97407e-05,0.0327337,0.719663
2019,8,16,165,9.97407e-05,0.0495451,0.719663
2019,8,16,170,9.97407e-05,0.0710968,0.719663
2019,8,16,175,0.0300351,0.0973507,0.719663
2019,8,16,180,0.142913,0.121494,0.719663
2019,8,16,185,0.110691,0.133302,0.719663
2019,8,16,190,0.0899052,0.128284,0.719663
2019,8,16,195,0.0300351,0.109705,0.719663
2019,8,16,200,0.0899052,0.083728,0.719663
2019,8,16,205,0.0277473,0.0575439,0.719663
2019,8,16,210,9.97407e-05,0.0361504,0.719663
2019,8,16,215,0.0277473,0.0204213,0.719663
2019,8,16,220,9.97407e-05,0.0102242,0.719663
2019,8,16,225,0.0899052,0.00687287,0.719663
2019,11,16,100,0.0335125,9.98089e-05,0.655798
2019,11,16,105,9.97705e-05,0.00010022,0.655798
2019,11,16,110,9.97705e-05,0.000103949,0.655798
2019,11,16,115,0.0284058,0.000128777,0.655798
2019,11,16,120,9.97705e-05,0.000250141,0.655798
2019,11,16,125,9.97705e-05,0.000682326,0.655798
2019,11,16,130,9.97705e-05,0.00178946,0.655798
2019,11,16,135,9.97705e-05,0.00379136,0.655798
2019,11,16,140,9.97705e-05,0.00630657,0.655798
2019,11,16,145,9.97705e-05,0.00871875,0.655798
2019,11,16,150,9.97705e-05,0.011822,0.655798
2019,11,16,155,9.97705e-05,0.0186377,0.655798
2019,11,16,160,9.97705e-05,0.0319653,0.655798
2019,11,16,165,0.0952304,0.0510887,0.655798
2019,11,16,170,0.0952304,0.0728519,0.655798
2019,11,16,175,0.0335125,0.0952345,0.655798
2019,11,16,180,0.123536,0.115972,0.655798
2019,11,16,185,0.156948,0.128813,0.655798
2019,11,16,190,0.0901238,0.12693,0.655798
2019,11,16,195,0.0618177,0.109882,0.655798
2019,11,16,200,0.11843,0.0837719,0.655798
2019,11,16,205,0.0669244,0.0573455,0.655798
2019,11,16,210,0.0952304,0.0737138,0.655798
2021,8,16,105,0.0240678,0.0001033,0.749822
2021,8,16,110,0.0349552,0.000118391,0.749822
2021,8,16,115,9.97805e-05,0.000182985,0.749822
2021,8,16,120,9.97805e-05,0.00037715,0.749822
2021,8,16,125,0.0349552,0.000794429,0.749822
2021,8,16,130,9.97805e-05,0.00144808,0.749822
2021,8,16,135,0.0349552,0.00237329,0.749822
2021,8,16,140,0.0698113,0.00439127,0.749822
2021,8,16,145,9.97805e-05,0.0102677,0.749822
2021,8,16,150,9.97805e-05,0.0242288,0.749822
2021,8,16,155,0.0349552,0.0477714,0.749822
2021,8,16,160,0.0240678,0.0751843,0.749822
2021,8,16,165,0.117747,0.0971137,0.749822
2021,8,16,170,0.117747,0.110368,0.749822
2021,8,16,175,0.130826,0.118443,0.749822
2021,8,16,180,0.0349552,0.121206,0.749822
2021,8,16,185,0.16349,0.113085,0.749822
2021,8,16,190,0.0828911,0.0931146,0.749822
2021,8,16,195,0.0240678,0.0682374,0.749822
2021,8,16,200,9.97805e-05,0.0457852,0.749822
2021,8,16,205,0.0349552,0.0290553,0.749822
2021,8,16,210,0.0349552,0.0363506,0.749822
2021,11,16,90,0.0285737,9.9701e-05,1.2515
2021,11,16,95,9.97009e-05,9.97027e-05,1.2515
2021,11,16,100,9.97009e-05,9.9731e-05,1.2515
2021,11,16,105,9.97009e-05,0.000100075,1.2515
2021,11,16,110,0.0143369,0.000103183,1.2515
2021,11,16,115,9.97009e-05,0.000123875,1.2515
2021,11,16,120,9.97009e-05,0.00022507,1.2515
2021,11,16,125,9.97009e-05,0.000586062,1.2515
2021,11,16,130,9.97009e-05,0.00151745,1.2515
2021,11,16,135,9.97009e-05,0.00325343,1.2515
2021,11,16,140,9.97009e-05,0.00573817,1.2515
2021,11,16,145,9.97009e-05,0.009401,1.2515
2021,11,16,150,9.97009e-05,0.0171455,1.2515
2021,11,16,155,9.97009e-05,0.0344476,1.2515
2021,11,16,160,0.023472,0.0637949,1.2515
2021,11,16,165,0.106343,0.0978541,1.2515
2021,11,16,170,0.182631,0.122927,1.2515
2021,11,16,175,0.222791,0.131725,1.2515
2021,11,16,180,0.199419,0.127379,1.2515
2021,11,16,185,0.125682,0.114366,1.2515
2021,11,16,190,0.0143369,0.0939614,1.2515
2021,11,16,195,0.0143369,0.0690518,1.2515
2021,11,16,200,0.0285737,0.0453657,1.2515
2021,11,16,205,9.97009e-05,0.0275852,1.2515
2021,11,16,210,0.0260231,0.0161372,1.2515
2021,11,16,215,9.97009e-05,0.00893405,1.2515
2021,11,16,220,9.97009e-05,0.00455006,1.2515
2021,11,16,225,9.97009e-05,0.00209296,1.2515
2021,11,16,230,9.97009e-05,0.000877664,1.2515
2021,11,16,235,0.0117859,0.000457655,1.2515
2022,8,16,135,0.0321913,0.00226139,1.06585
2022,8,16,140,0.0531399,0.00226959,1.06585
2022,8,16,145,0.021494,0.00555175,1.06585
2022,8,16,150,0.0321913,0.0134556,1.06585
2022,8,16,155,0.021494,0.0274395,1.06585
2022,8,16,160,0.127575,0.0462474,1.06585
2022,8,16,165,9.98403e-05,0.0680306,1.06585
2022,8,16,170,0.0531399,0.0934701,1.06585
2022,8,16,175,0.222512,0.121552,1.06585
2022,8,16,180,0.0321913,0.142588,1.06585
2022,8,16,185,0.137826,0.143681,1.06585
2022,8,16,190,0.0321913,0.122464,1.06585
2022,8,16,195,0.137826,0.0892634,1.06585
2022,8,16,200,0.021494,0.0567025,1.06585
2022,8,16,205,0.021494,0.0324441,1.06585
2022,8,16,210,0.0531399,0.0325787,1.06585
2022,11,16,105,0.0292923,9.98828e-05,0.875578
2022,11,16,110,0.0120157,0.000101335,0.875578
2022,11,16,115,9.9691e-05,0.000111102,0.875578
2022,11,16,120,9.9691e-05,0.00015888,0.875578
2022,11,16,125,9.9691e-05,0.000329435,0.875578
2022,11,16,130,9.9691e-05,0.000770712,0.875578
2022,11,16,135,9.9691e-05,0.00160285,0.875578
2022,11,16,140,0.0120157,0.00284931,0.875578
2022,11,16,145,0.0239323,0.00489784,0.875578
2022,11,16,150,0.0120157,0.00960117,0.875578
2022,11,16,155,0.00873802,0.0204148,0.875578
2022,11,16,160,0.0747023,0.0396626,0.875578
2022,11,16,165,0.00873802,0.0652767,0.875578
2022,11,16,170,0.0822444,0.0923935,0.875578
2022,11,16,175,0.0584487,0.117602,0.875578
2022,11,16,180,0.0974017,0.137182,0.875578
2022,11,16,185,0.154728,0.143125,0.875578
2022,11,16,190,0.13851,0.128844,0.875578
2022,11,16,195,0.101739,0.0983336,0.875578
2022,11,16,200,0.0498104,0.0638527,0.875578
2022,11,16,205,0.041172,0.0364889,0.875578
2022,11,16,210,0.028233,0.0192429,0.875578
2022,11,16,215,0.0163164,0.00943498,0.875578
2022,11,16,220,9.9691e-05,0.0042962,0.875578
2022,11,16,225,0.0325337,0.00181852,0.875578
2022,11,16,230,9.9691e-05,0.000731009,0.875578
2022,11,16,235,9.9691e-05,0.000303988,0.875578
2022,11,16,240,9.9691e-05,0.00015698,0.875578
2022,11,16,245,9.9691e-05,0.000113423,0.875578
2022,11,16,250,9.9691e-05,0.000102476,0.875578
2022,11,16,255,0.0163164,0.000100242,0.875578
2007,8,17,150,0.0286312,0.164262,1.07507
2007,8,17,155,0.171289,0.0888432,1.07507
2007,8,17,160,0.0571629,0.103108,1.07507
2007,8,17,165,0.0571629,0.10103,1.07507
2007,8,17,170,0.0856943,0.0906749,1.07507
2007,8,17,175,0.114226,0.0817459,1.07507
2007,8,17,180,0.0856943,0.0761749,1.07507
2007,8,17,185,0.142757,0.0703987,1.07507
2007,8,17,190,0.142757,0.0617847,1.07507
2007,8,17,195,0.0286312,0.0508881,1.07507
2007,8,17,200,0.0286312,0.0396593,1.07507
2007,8,17,205,0.0286312,0.0289166,1.07507
2007,8,17,210,9.98602e-05,0.0194259,1.07507
2007,8,17,215,0.0286312,0.023088,1.07507
2007,11,17,150,0.0405732,0.138759,1.90703
2007,11,17,155,0.126988,0.0685498,1.90703
2007,11,17,160,0.12152,0.0964953,1.90703
2007,11,17,165,0.124254,0.113283,1.90703
2007,11,17,170,0.147225,0.111907,1.90703
2007,11,17,175,0.230905,0.0985032,1.90703
2007,11,17,180,0.144491,0.0835298,1.90703
2007,11,17,185,0.0405732,0.0714061,1.90703
2007,11,17,190,9.98702e-05,0.0605692,1.90703
2007,11,17,195,9.98702e-05,0.0494141,1.90703
2007,11,17,200,9.98702e-05,0.0384315,1.90703
2007,11,17,205,9.98702e-05,0.0280225,1.90703
2007,11,17,210,0.0230706,0.0411297,1.90703
2008,5,17,155,0.0606153,0.176029,1.08994
2008,5,17,160,0.12113,0.0694549,1.08994
2008,5,17,165,0.0606153,0.0891221,1.08994
2008,5,17,170,0.0908728,0.109701,1.08994
2008,5,17,175,0.12113,0.119728,1.08994
2008,5,17,180,0.151388,0.112606,1.08994
2008,5,17,185,0.0908728,0.0932233,1.08994
2008,5,17,190,0.0606153,0.0712502,1.08994
2008,5,17,195,0.0303574,0.0527407,1.08994
2008,5,17,200,0.0606153,0.0387112,1.08994
2008,5,17,205,0.0303574,0.0274811,1.08994
2008,5,17,210,0.0606153,0.0182572,1.08994
2008,5,17,215,0.0303574,0.0110659,1.08994
2008,5,17,220,9.98502e-05,0.00601275,1.08994
2008,5,17,225,0.0303574,0.00461735,1.08994
2010,8,17,110,0.0333465,0.00239789,1.05529
2010,8,17,115,9.97407e-05,0.00434407,1.05529
2010,8,17,120,9.97407e-05,0.00840617,1.05529
2010,8,17,125,9.97407e-05,0.012631,1.05529
2010,8,17,130,9.97407e-05,0.0150242,1.05529
2010,8,17,135,0.0665937,0.0154836,1.05529
2010,8,17,140,0.0333465,0.0174851,1.05529
2010,8,17,145,9.97407e-05,0.0258652,1.05529
2010,8,17,150,9.97407e-05,0.0417159,1.05529
2010,8,17,155,0.0998405,0.0596748,1.05529
2010,8,17,160,0.199581,0.072244,1.05529
2010,8,17,165,0.0333465,0.0775233,1.05529
2010,8,17,170,0.0333465,0.0801086,1.05529
2010,8,17,175,0.0665937,0.0836809,1.05529
2010,8,17,180,0.0665937,0.086535,1.05529
2010,8,17,185,0.133087,0.0853359,1.05529
2010,8,17,190,0.0333465,0.0791381,1.05529
2010,8,17,195,0.0333465,0.0691627,1.05529
2010,8,17,200,0.0333465,0.0570129,1.05529
2010,8,17,205,9.97407e-05,0.0431871,1.05529
2010,8,17,210,0.0333465,0.0293286,1.05529
2010,8,17,215,0.0665937,0.0175885,1.05529
2010,8,17,220,9.97407e-05,0.00925033,1.05529
2010,8,17,225,9.97407e-05,0.00426488,1.05529
2010,8,17,230,9.97407e-05,0.00174165,1.05529
2010,8,17,235,0.0333465,0.000869661,1.05529
2011,8,17,165,0.0810757,0.378332,1.32543
2011,8,17,170,0.0540837,0.0881264,1.32543
2011,8,17,175,0.13506,0.0891522,1.32543
2011,8,17,180,0.0270918,0.0885578,1.32543
2011,8,17,185,0.189043,0.0829069,1.32543
2011,8,17,190,0.162051,0.0723003,1.32543
2011,8,17,195,0.162051,0.0597333,1.32543
2011,8,17,200,0.0270918,0.0477074,1.32543
2011,8,17,205,9.98702e-05,0.0362103,1.32543
2011,8,17,210,9.98702e-05,0.0253666,1.32543
2011,8,17,215,0.0540837,0.0159647,1.32543
2011,8,17,220,0.0270918,0.00884901,1.32543
2011,8,17,225,0.0810757,0.00679358,1.32543
2012,8,17,105,0.0312811,0.00084224,1.13073
2012,8,17,110,0.0312811,0.00204113,1.13073
2012,8,17,115,9.97805e-05,0.00505596,1.13073
2012,8,17,120,9.97805e-05,0.00979609,1.13073
2012,8,17,125,0.0312811,0.0147066,1.13073
2012,8,17,130,0.0312811,0.0173898,1.13073
2012,8,17,135,9.97805e-05,0.0175208,1.13073
2012,8,17,140,9.97805e-05,0.0187525,1.13073
2012,8,17,145,0.0624627,0.0263199,1.13073
2012,8,17,150,0.0312811,0.041699,1.13073
2012,8,17,155,0.0624627,0.0599649,1.13073
2012,8,17,160,0.093644,0.074208,1.13073
2012,8,17,165,0.093644,0.0828336,1.13073
2012,8,17,170,0.093644,0.0895491,1.13073
2012,8,17,175,0.093644,0.0956378,1.13073
2012,8,17,180,0.093644,0.0968406,1.13073
2012,8,17,185,0.0312811,0.08939,1.13073
2012,8,17,190,0.0312811,0.0749222,1.13073
2012,8,17,195,0.0624627,0.0585092,1.13073
2012,8,17,200,0.093644,0.0440005,1.13073
2012,8,17,205,9.97805e-05,0.0317614,1.13073
2012,8,17,210,0.0312811,0.0482586,1.13073
2013,8,17,50,0.031247,9.96711e-05,1.11915
2013,8,17,55,9.96711e-05,9.96711e-05,1.11915
2013,8,17,60,9.96711e-05,9.96711e-05,1.11915
2013,8,17,65,9.96711e-05,9.96711e-05,1.11915
2013,8,17,70,9.96711e-05,9.96712e-05,1.11915
2013,8,17,75,9.96711e-05,9.96734e-05,1.11915
2013,8,17,80,9.96711e-05,9.97091e-05,1.11915
2013,8,17,85,9.96711e-05,0.000100155,1.11915
2013,8,17,90,9.96711e-05,0.000104393,1.11915
2013,8,17,95,9.96711e-05,0.00013487,1.11915
2013,8,17,100,9.96711e-05,0.000300301,1.11915
2013,8,17,105,9.96711e-05,0.000974343,1.11915
2013,8,17,110,9.96711e-05,0.00301703,1.11915
2013,8,17,115,9.96711e-05,0.00754705,1.11915
2013,8,17,120,9.96711e-05,0.0146654,1.11915
2013,8,17,125,9.96711e-05,0.0220137,1.11915
2013,8,17,130,9.96711e-05,0.0258966,1.11915
2013,8,17,135,9.96711e-05,0.0255477,1.11915
2013,8,17,140,9.96711e-05,0.0258842,1.11915
2013,8,17,145,0.124689,0.034069,1.11915
2013,8,17,150,0.031247,0.0520261,1.11915
2013,8,17,155,0.124689,0.0726866,1.11915
2013,8,17,160,0.124689,0.0857222,1.11915
2013,8,17,165,0.062394,0.0878681,1.11915
2013,8,17,170,0.124689,0.0849064,1.11915
2013,8,17,175,0.062394,0.0827233,1.11915
2013,8,17,180,0.062394,0.0806625,1.11915
2013,8,17,185,0.031247,0.0749644,1.11915
2013,8,17,190,0.062394,0.0643875,1.11915
2013,8,17,195,0.062394,0.051129,1.11915
2013,8,17,200,0.062394,0.0381715,1.11915
2013,8,17,205,9.96711e-05,0.0266707,1.11915
2013,8,17,210,0.031247,0.0371292,1.11915
2014,8,17,120,0.0400079,0.0172677,2.46922
2014,8,17,125,0.0267052,0.0146401,2.46922
2014,8,17,130,0.0134025,0.0176521,2.46922
2014,8,17,135,0.0400079,0.0190787,2.46922
2014,8,17,140,0.0267052,0.0238342,2.46922
2014,8,17,145,0.0267052,0.0384198,2.46922
2014,8,17,150,0.0400079,0.0636497,2.46922
2014,8,17,155,9.97705e-05,0.090335,2.46922
2014,8,17,160,0.0134025,0.10554,2.46922
2014,8,17,165,0.093219,0.105025,2.46922
2014,8,17,170,0.0666135,0.0961407,2.46922
2014,8,17,175,0.119824,0.0871417,2.46922
2014,8,17,180,0.119824,0.0787739,2.46922
2014,8,17,185,0.159733,0.0680428,2.46922
2014,8,17,190,0.0666135,0.0546163,2.46922
2014,8,17,195,0.0533108,0.0411196,2.46922
2014,8,17,200,0.0533108,0.0297637,2.46922
2014,8,17,205,0.0134025,0.0205444,2.46922
2014,8,17,210,9.97705e-05,0.0132379,2.46922
2014,8,17,215,9.97705e-05,0.00780343,2.46922
2014,8,17,220,0.0134025,0.00415061,2.46922
2014,8,17,225,9.97705e-05,0.00198328,2.46922
2014,8,17,230,0.0134025,0.00123932,2.46922
2017,8,17,110,0.0185352,0.00275891,1.197
2017,8,17,115,0.0712047,0.00501068,1.197
2017,8,17,120,9.98104e-05,0.00970994,1.197
2017,8,17,125,9.98104e-05,0.014593,1.197
2017,8,17,130,0.0527689,0.0173363,1.197
2017,8,17,135,0.0712047,0.0177748,1.197
2017,8,17,140,0.0712047,0.0198391,1.197
2017,8,17,145,0.210777,0.0290438,1.197
2017,8,17,150,0.0185352,0.0467482,1.197
2017,8,17,155,0.0185352,0.0671788,1.197
2017,8,17,160,0.0896401,0.0822632,1.197
2017,8,17,165,0.0712047,0.0899662,1.197
2017,8,17,170,0.0185352,0.0946741,1.197
2017,8,17,175,0.123874,0.098668,1.197
2017,8,17,180,0.0185352,0.0980971,1.197
2017,8,17,185,0.0896401,0.0889943,1.197
2017,8,17,190,9.98104e-05,0.0727139,1.197
2017,8,17,195,9.98104e-05,0.0543235,1.197
2017,8,17,200,0.0554064,0.0903064,1.197
2021,11,17,140,0.0173001,0.11628,1.5921
2021,11,17,145,0.0173001,0.0430333,1.5921
2021,11,17,150,0.0583921,0.0541421,1.5921
2021,11,17,155,0.0636466,0.0774391,1.5921
2021,11,17,160,0.0755923,0.105401,1.5921
2021,11,17,165,0.214631,0.122321,1.5921
2021,11,17,170,0.192177,0.119512,1.5921
2021,11,17,175,0.0464463,0.102354,1.5921
2021,11,17,180,0.133885,0.0813363,1.5921
2021,11,17,185,0.104738,0.0617626,1.5921
2021,11,17,190,0.0173001,0.0441893,1.5921
2021,11,17,195,0.0292459,0.0293626,1.5921
2021,11,17,200,9.98602e-05,0.0184937,1.5921
2021,11,17,205,0.0292459,0.0243727,1.5921
