id,Fleet,Fleet_name,Used,Kind,Sex,Bin,Obs,Exp,Dev,effN,Nsamp_in,Nsamp_adj
01-Diagnostic_1F,1,F01_LL.JP.1,yes,LEN,1,135,0.1958583,0.1799628,0.0158955,86.7713,39.62396,18.57571
01-Diagnostic_1F,1,F01_LL.JP.1,yes,LEN,1,140,0.154786971,0.1374889,0.017298071,86.7713,39.62396,18.57571
01-Diagnostic_1F,1,F01_LL.JP.1,yes,LEN,1,145,0.1338414806,0.1840735,-0.0502320194,86.7713,39.62396,18.57571
01-Diagnostic_1F,1,F01_LL.JP.1,yes,LEN,1,150,0.2318449403,0.2462471,-0.0144021597,86.7713,39.62396,18.57571
01-Diagnostic_1F,1,F01_LL.JP.1,yes,LEN,1,155,0.4252019,0.3189817,0.1062202,86.7713,39.62396,18.57571
01-Diagnostic_1F,1,F01_LL.JP.1,yes,LEN,1,160,0.452886,0.3830067,0.0698793,86.7713,39.62396,18.57571
01-Diagnostic_1F,1,F01_LL.JP.1,yes,LEN,1,165,0.3251589,0.419251,-0.0940921000000001,86.7713,39.62396,18.57571
01-Diagnostic_1F,1,F01_LL.JP.1,yes,LEN,1,170,0.2195747,0.4246526,-0.2050779,86.7713,39.62396,18.57571
01-Diagnostic_1F,1,F01_LL.JP.1,yes,LEN,1,175,0.4153542,0.407013,0.00834119999999999,86.7713,39.62396,18.57571
01-Diagnostic_1F,1,F01_LL.JP.1,yes,LEN,1,180,0.3479095,0.370532,-0.0226225,86.7713,39.62396,18.57571
01-Diagnostic_1F,1,F01_LL.JP.1,yes,LEN,1,185,0.4474721,0.3125237,0.1349484,86.7713,39.62396,18.57571
01-Diagnostic_1F,1,F01_LL.JP.1,yes,LEN,1,190,0.2171351,0.2888068,-0.0716717,86.7713,39.62396,18.57571
01-Diagnostic_1F,1,F01_LL.JP.1,yes,LEN,1,195,0.1011809403,0.122526,-0.0213450597,70.697,30.80092,14.43947
01-Diagnostic_1F,1,F01_LL.JP.1,yes,LEN,1,200,0.0468896806,0.0699959,-0.0231062194,70.697,30.80092,14.43947
01-Diagnostic_1F,1,F01_LL.JP.1,yes,LEN,1,205,0.1009197307,0.04108903,0.0598307007,70.697,30.80092,14.43947
01-Diagnostic_1F,1,F01_LL.JP.1,yes,LEN,1,210,0.0267344307,0.01345515,0.0132792807,55.1985,19.40592,9.09749
01-Diagnostic_1F,1,F01_LL.JP.1,yes,LEN,1,85,0.04669,9.97348e-05,0.0465902652,24.3047,9.95013,4.66462
01-Diagnostic_1F,1,F01_LL.JP.1,yes,LEN,1,90,9.97307e-05,9.97964e-05,-6.57000000000018e-08,24.3047,9.95013,4.66462
01-Diagnostic_1F,1,F01_LL.JP.1,yes,LEN,1,95,9.97307e-05,0.00010058,-8.49299999999999e-07,24.3047,9.95013,4.66462
01-Diagnostic_1F,1,F01_LL.JP.1,yes,LEN,1,100,9.97307e-05,0.000108062,-8.33129999999999e-06,24.3047,9.95013,4.66462
01-Diagnostic_1F,1,F01_LL.JP.1,yes,LEN,1,105,9.97307e-05,0.000161718,-6.19873e-05,24.3047,9.95013,4.66462
01-Diagnostic_1F,1,F01_LL.JP.1,yes,LEN,1,110,9.97307e-05,0.000449743,-0.0003500123,24.3047,9.95013,4.66462
01-Diagnostic_1F,1,F01_LL.JP.1,yes,LEN,1,115,9.97307e-05,0.00160005,-0.0015003193,24.3047,9.95013,4.66462
01-Diagnostic_1F,1,F01_LL.JP.1,yes,LEN,1,120,9.97307e-05,0.00498427,-0.0048845393,24.3047,9.95013,4.66462
01-Diagnostic_1F,1,F01_LL.JP.1,yes,LEN,1,125,0.04669,0.0121933,0.0344967,24.3047,9.95013,4.66462
01-Diagnostic_1F,1,F01_LL.JP.1,yes,LEN,1,130,0.0164814307,0.0591404,-0.0426589693,39.8032,21.34513,10.0066
01-Diagnostic_1F,1,F01_LL.JP.1,yes,LEN,1,215,0.04669,0.00145698,0.04523302,24.3047,9.95013,4.66462
01-Diagnostic_1F,2,F02_LL.JP.2,yes,LEN,1,110,0.0993804407,0.0002992801,0.0990811606,113.572,131.83168,13.710532
01-Diagnostic_1F,2,F02_LL.JP.2,yes,LEN,1,115,0.0754948805,0.0003990654,0.0750958151,171.9005,182.95318,19.027172
01-Diagnostic_1F,2,F02_LL.JP.2,yes,LEN,1,120,0.2243119212,0.0006985738,0.2236133474,280.0628,345.99857,35.983937
01-Diagnostic_1F,2,F02_LL.JP.2,yes,LEN,1,125,0.091713712,0.0006992082,0.0910145038,280.0628,345.99857,35.983937
01-Diagnostic_1F,2,F02_LL.JP.2,yes,LEN,1,130,0.0831810815,0.000703807,0.0824772745,280.0628,345.99857,35.983937
01-Diagnostic_1F,2,F02_LL.JP.2,yes,LEN,1,135,0.0462852199,0.000728288,0.0455569319,280.0628,345.99857,35.983937
01-Diagnostic_1F,2,F02_LL.JP.2,yes,LEN,1,140,0.0451765383,0.000843923,0.0443326153,280.0628,345.99857,35.983937
01-Diagnostic_1F,2,F02_LL.JP.2,yes,LEN,1,145,0.0357118018,0.001400235,0.0343115668,280.0628,345.99857,35.983937
01-Diagnostic_1F,2,F02_LL.JP.2,yes,LEN,1,150,0.0813710518,0.004023595,0.0773474568,280.0628,345.99857,35.983937
01-Diagnostic_1F,2,F02_LL.JP.2,yes,LEN,1,155,0.0549910183,0.02023492,0.0347560983,299.6463,390.53127,40.615337
01-Diagnostic_1F,2,F02_LL.JP.2,yes,LEN,1,160,0.1264108208,0.05990374,0.0665070808,299.6463,390.53127,40.615337
01-Diagnostic_1F,2,F02_LL.JP.2,yes,LEN,1,165,0.34591818,0.1526573,0.19326088,299.6463,390.53127,40.615337
01-Diagnostic_1F,2,F02_LL.JP.2,yes,LEN,1,170,0.3394574,0.323308,0.0161494,299.6463,390.53127,40.615337
01-Diagnostic_1F,2,F02_LL.JP.2,yes,LEN,1,175,0.490475,0.5913579,-0.1008829,299.6463,390.53127,40.615337
01-Diagnostic_1F,2,F02_LL.JP.2,yes,LEN,1,180,1.1714484,0.935222,0.2362264,299.6463,390.53127,40.615337
01-Diagnostic_1F,2,F02_LL.JP.2,yes,LEN,1,185,1.0389654,1.243253,-0.2042876,299.6463,390.53127,40.615337
01-Diagnostic_1F,2,F02_LL.JP.2,yes,LEN,1,190,1.1105025,1.354993,-0.2444905,299.6463,390.53127,40.615337
01-Diagnostic_1F,2,F02_LL.JP.2,yes,LEN,1,195,0.6541012,1.196537,-0.5424358,299.6463,390.53127,40.615337
01-Diagnostic_1F,2,F02_LL.JP.2,yes,LEN,1,200,0.7884192,0.873225,-0.0848057999999999,299.6463,390.53127,40.615337
01-Diagnostic_1F,2,F02_LL.JP.2,yes,LEN,1,205,0.4486214,0.5749337,-0.1263123,299.6463,390.53127,40.615337
01-Diagnostic_1F,2,F02_LL.JP.2,yes,LEN,1,210,0.2479852904,0.3433735,-0.0953882096,299.6463,390.53127,40.615337
01-Diagnostic_1F,2,F02_LL.JP.2,yes,LEN,1,215,0.1859319511,0.2314531,-0.0455211489,299.6463,390.53127,40.615337
01-Diagnostic_1F,2,F02_LL.JP.2,yes,LEN,1,220,0.1087798,0.0761892,0.0325906,196.0693,226.48899,23.554895
01-Diagnostic_1F,2,F02_LL.JP.2,yes,LEN,1,225,0.0707562506,0.01117764,0.0595786106,81.9089,153.1727,15.93
01-Diagnostic_1F,2,F02_LL.JP.2,yes,LEN,1,230,0.0168117,0.00208463,0.01472707,62.3254,108.64,11.2986
01-Diagnostic_1F,2,F02_LL.JP.2,yes,LEN,1,95,0.017598,9.97408e-05,0.0174982592,29.1847,15.3833,1.59986
01-Diagnostic_1F,2,F02_LL.JP.2,yes,LEN,1,100,9.97407e-05,9.9741e-05,-3.00000000007434e-10,29.1847,15.3833,1.59986
01-Diagnostic_1F,2,F02_LL.JP.2,yes,LEN,1,105,9.97407e-05,9.97414e-05,-6.99999999994759e-10,29.1847,15.3833,1.59986
01-Diagnostic_1F,3,F03_LL.JP.3,yes,LEN,1,150,0.1450868621,0.03014293,0.1149439321,259.5093,208.7587,27.4309
01-Diagnostic_1F,3,F03_LL.JP.3,yes,LEN,1,155,0.1011475118,0.0666733,0.0344742118,285.2382,220.3532,28.95442
01-Diagnostic_1F,3,F03_LL.JP.3,yes,LEN,1,160,0.2852865503,0.1614594,0.1238271503,307.0595,252.8043,33.21849
01-Diagnostic_1F,3,F03_LL.JP.3,yes,LEN,1,165,0.2382926123,0.2738552,-0.0355625877,307.0595,252.8043,33.21849
01-Diagnostic_1F,3,F03_LL.JP.3,yes,LEN,1,170,0.4754315,0.4773448,-0.00191330000000001,307.0595,252.8043,33.21849
01-Diagnostic_1F,3,F03_LL.JP.3,yes,LEN,1,175,0.6927686,0.7488746,-0.056106,307.0595,252.8043,33.21849
01-Diagnostic_1F,3,F03_LL.JP.3,yes,LEN,1,180,1.0222366,1.034235,-0.0119984,307.0595,252.8043,33.21849
01-Diagnostic_1F,3,F03_LL.JP.3,yes,LEN,1,185,0.9569208,1.251982,-0.2950612,307.0595,252.8043,33.21849
01-Diagnostic_1F,3,F03_LL.JP.3,yes,LEN,1,190,1.293029,1.329879,-0.0368499999999996,307.0595,252.8043,33.21849
01-Diagnostic_1F,3,F03_LL.JP.3,yes,LEN,1,195,1.0994012,1.229174,-0.1297728,307.0595,252.8043,33.21849
01-Diagnostic_1F,3,F03_LL.JP.3,yes,LEN,1,200,0.8979051702,0.9698679,-0.0719627298,307.0595,252.8043,33.21849
01-Diagnostic_1F,3,F03_LL.JP.3,yes,LEN,1,205,0.5516861,0.8149718,-0.2632857,307.0595,252.8043,33.21849
01-Diagnostic_1F,3,F03_LL.JP.3,yes,LEN,1,120,0.0214309621,0.000307194,0.0211237681,122.3753,110.3401,14.49869
01-Diagnostic_1F,3,F03_LL.JP.3,yes,LEN,1,125,0.0002990928,0.000323819,-2.47262000000001e-05,122.3753,110.3401,14.49869
01-Diagnostic_1F,3,F03_LL.JP.3,yes,LEN,1,130,0.0002990928,0.000374991,-7.58982e-05,122.3753,110.3401,14.49869
01-Diagnostic_1F,3,F03_LL.JP.3,yes,LEN,1,135,0.0075954317,0.000553702,0.0070417297,122.3753,110.3401,14.49869
01-Diagnostic_1F,3,F03_LL.JP.3,yes,LEN,1,140,0.0250607311,0.001267225,0.0237935061,122.3753,110.3401,14.49869
01-Diagnostic_1F,3,F03_LL.JP.3,yes,LEN,1,145,0.0377601317,0.006185969,0.0315741627,141.434,125.8401,16.53539
01-Diagnostic_1F,3,F03_LL.JP.3,yes,LEN,1,210,0.39388921,0.3065566,0.08733261,263.2123,225.9537,29.69032
01-Diagnostic_1F,3,F03_LL.JP.3,yes,LEN,1,215,0.2564855114,0.1901449,0.0663406114,263.2123,225.9537,29.69032
01-Diagnostic_1F,3,F03_LL.JP.3,yes,LEN,1,220,0.1469569403,0.07072243,0.0762345103,241.391,193.5026,25.42625
01-Diagnostic_1F,3,F03_LL.JP.3,yes,LEN,1,225,0.029155092,0.02444441,0.00471068200000001,181.612,146.5026,19.25045
01-Diagnostic_1F,3,F03_LL.JP.3,yes,LEN,1,230,0.1525347,0.00672214,0.14581256,108.606,121.4346,15.95651
01-Diagnostic_1F,3,F03_LL.JP.3,yes,LEN,1,235,0.0497787,0.00106757,0.04871113,60.7926,96.4502,12.67356
01-Diagnostic_1F,3,F03_LL.JP.3,yes,LEN,1,240,0.0220155904,0.00041828,0.0215973104,60.7926,96.4502,12.67356
01-Diagnostic_1F,3,F03_LL.JP.3,yes,LEN,1,245,0.0074715504,0.00024632,0.0072252304,60.7926,96.4502,12.67356
01-Diagnostic_1F,3,F03_LL.JP.3,yes,LEN,1,250,0.0559986,0.000209413,0.055789187,60.7926,96.4502,12.67356
01-Diagnostic_1F,3,F03_LL.JP.3,yes,LEN,1,80,0.0176889711,0.0001993621,0.017489609,81.8635,60.3899,7.93523
01-Diagnostic_1F,3,F03_LL.JP.3,yes,LEN,1,85,0.0001993621,0.0001993622,-1.00000000006996e-10,81.8635,60.3899,7.93523
01-Diagnostic_1F,3,F03_LL.JP.3,yes,LEN,1,90,0.0001993621,0.0001993624,-2.99999999993882e-10,81.8635,60.3899,7.93523
01-Diagnostic_1F,3,F03_LL.JP.3,yes,LEN,1,95,0.0001993621,0.000199363,-8.99999999981645e-10,81.8635,60.3899,7.93523
01-Diagnostic_1F,3,F03_LL.JP.3,yes,LEN,1,100,0.0001993621,0.0001993659,-3.79999999999478e-09,81.8635,60.3899,7.93523
01-Diagnostic_1F,3,F03_LL.JP.3,yes,LEN,1,105,0.0001993621,0.0001993883,-2.61999999999897e-08,81.8635,60.3899,7.93523
01-Diagnostic_1F,3,F03_LL.JP.3,yes,LEN,1,110,0.0001993621,0.0001995494,-1.87300000000011e-07,81.8635,60.3899,7.93523
01-Diagnostic_1F,3,F03_LL.JP.3,yes,LEN,1,115,0.0001993621,0.000200459,-1.0969e-06,81.8635,60.3899,7.93523
01-Diagnostic_1F,3,F03_LL.JP.3,yes,LEN,1,60,0.0146924,9.96711e-05,0.0145927289,59.779,47,6.1758
01-Diagnostic_1F,3,F03_LL.JP.3,yes,LEN,1,65,9.96711e-05,9.96711e-05,0,59.779,47,6.1758
01-Diagnostic_1F,3,F03_LL.JP.3,yes,LEN,1,70,9.96711e-05,9.96711e-05,0,59.779,47,6.1758
01-Diagnostic_1F,3,F03_LL.JP.3,yes,LEN,1,75,9.96711e-05,9.96711e-05,0,59.779,47,6.1758
01-Diagnostic_1F,5,F05_LL.TW.4,yes,LEN,1,120,0.0737825904,0.01083323,0.0629493604,131.6218,73.9861,26.16886
01-Diagnostic_1F,5,F05_LL.TW.4,yes,LEN,1,125,0.0606736506,0.01555282,0.0451208306,131.6218,73.9861,26.16886
01-Diagnostic_1F,5,F05_LL.TW.4,yes,LEN,1,130,0.015006241,0.02323352,-0.008227279,131.6218,73.9861,26.16886
01-Diagnostic_1F,5,F05_LL.TW.4,yes,LEN,1,135,0.0799443203,0.02876983,0.0511744903,131.6218,73.9861,26.16886
01-Diagnostic_1F,5,F05_LL.TW.4,yes,LEN,1,140,0.0211679709,0.03614775,-0.0149797791,131.6218,73.9861,26.16886
01-Diagnostic_1F,5,F05_LL.TW.4,yes,LEN,1,145,0.0002993613,0.0580408,-0.0577414387,131.6218,73.9861,26.16886
01-Diagnostic_1F,5,F05_LL.TW.4,yes,LEN,1,150,0.008133791,0.1059292,-0.097795409,131.6218,73.9861,26.16886
01-Diagnostic_1F,5,F05_LL.TW.4,yes,LEN,1,155,0.1031707904,0.173817,-0.0706462096,131.6218,73.9861,26.16886
01-Diagnostic_1F,5,F05_LL.TW.4,yes,LEN,1,160,0.1237312506,0.2374537,-0.1137224494,131.6218,73.9861,26.16886
01-Diagnostic_1F,5,F05_LL.TW.4,yes,LEN,1,165,0.3264864,0.2788227,0.0476637,131.6218,73.9861,26.16886
01-Diagnostic_1F,5,F05_LL.TW.4,yes,LEN,1,170,0.449305,0.3048342,0.1444708,131.6218,73.9861,26.16886
01-Diagnostic_1F,5,F05_LL.TW.4,yes,LEN,1,175,0.467177,0.329127,0.13805,131.6218,73.9861,26.16886
01-Diagnostic_1F,5,F05_LL.TW.4,yes,LEN,1,180,0.3560811,0.3458166,0.0102645,131.6218,73.9861,26.16886
01-Diagnostic_1F,5,F05_LL.TW.4,yes,LEN,1,185,0.2650783,0.3371689,-0.0720906,131.6218,73.9861,26.16886
01-Diagnostic_1F,5,F05_LL.TW.4,yes,LEN,1,190,0.2343705506,0.2972399,-0.0628693494,131.6218,73.9861,26.16886
01-Diagnostic_1F,5,F05_LL.TW.4,yes,LEN,1,195,0.1771578506,0.2335844,-0.0564265494,131.6218,73.9861,26.16886
01-Diagnostic_1F,5,F05_LL.TW.4,yes,LEN,1,200,0.08999365,0.131233,-0.04123935,131.6218,73.9861,26.16886
01-Diagnostic_1F,5,F05_LL.TW.4,yes,LEN,1,205,0.0457084506,0.0442655,0.00144295060000001,131.6218,73.9861,26.16886
01-Diagnostic_1F,5,F05_LL.TW.4,yes,LEN,1,210,0.0210681506,0.00567825,0.0153899006,80.5716,33.7658,11.94296
01-Diagnostic_1F,5,F05_LL.TW.4,yes,LEN,1,215,9.97506e-05,0.000330919,-0.0002311684,14.972,14.9822,5.2992
01-Diagnostic_1F,5,F05_LL.TW.4,yes,LEN,1,220,9.97506e-05,0.000111187,-1.14364e-05,14.972,14.9822,5.2992
01-Diagnostic_1F,5,F05_LL.TW.4,yes,LEN,1,225,0.0294879,0.000100048,0.029387852,14.972,14.9822,5.2992
01-Diagnostic_1F,5,F05_LL.TW.4,yes,LEN,1,230,9.97506e-05,9.97547e-05,-4.10000000000221e-09,14.972,14.9822,5.2992
01-Diagnostic_1F,5,F05_LL.TW.4,yes,LEN,1,235,9.97506e-05,9.97507e-05,-9.9999999993443e-11,14.972,14.9822,5.2992
01-Diagnostic_1F,5,F05_LL.TW.4,yes,LEN,1,240,0.0294879,9.97506e-05,0.0293881494,14.972,14.9822,5.2992
01-Diagnostic_1F,5,F05_LL.TW.4,yes,LEN,1,110,0.0221887,0.00047883,0.02170987,65.5996,18.7836,6.64376
01-Diagnostic_1F,5,F05_LL.TW.4,yes,LEN,1,115,9.97904e-05,0.00113078,-0.0010309896,65.5996,18.7836,6.64376
01-Diagnostic_1F,10,F10_REC.NZ.3,yes,LEN,1,185,1.346219764,1.2356871,0.110532664,960.561308,1157,296.3077
01-Diagnostic_1F,10,F10_REC.NZ.3,yes,LEN,1,190,2.1643518442,1.8211702,0.3431816442,960.561308,1157,296.3077
01-Diagnostic_1F,10,F10_REC.NZ.3,yes,LEN,1,195,2.3091197541,2.652811,-0.3436912459,960.561308,1157,296.3077
01-Diagnostic_1F,10,F10_REC.NZ.3,yes,LEN,1,200,2.5975389342,3.298381,-0.7008420658,960.561308,1157,296.3077
01-Diagnostic_1F,10,F10_REC.NZ.3,yes,LEN,1,205,2.3545019441,3.344143,-0.9896410559,960.561308,1157,296.3077
01-Diagnostic_1F,10,F10_REC.NZ.3,yes,LEN,1,210,2.062988164,2.7280711,-0.665082936,960.561308,1157,296.3077
01-Diagnostic_1F,10,F10_REC.NZ.3,yes,LEN,1,215,2.6643137901,2.1110609,0.5532528901,960.561308,1157,296.3077
01-Diagnostic_1F,10,F10_REC.NZ.3,yes,LEN,1,220,1.1629888741,0.9808026,0.1821862741,875.395608,1091,279.4051
01-Diagnostic_1F,10,F10_REC.NZ.3,yes,LEN,1,165,0.1351238947,0.04874183,0.0863820647,274.514258,443,113.4523
01-Diagnostic_1F,10,F10_REC.NZ.3,yes,LEN,1,170,0.6683259043,0.16502397,0.5033019343,536.454798,762,195.1482
01-Diagnostic_1F,10,F10_REC.NZ.3,yes,LEN,1,175,0.6060885347,0.39183407,0.2142544647,769.083508,974,249.4414
01-Diagnostic_1F,10,F10_REC.NZ.3,yes,LEN,1,180,0.9072631043,0.6907042,0.2165589043,883.583208,1125,288.1125
01-Diagnostic_1F,10,F10_REC.NZ.3,yes,LEN,1,225,0.4360563441,0.3221609,0.1138954441,832.926268,1021,261.4781
01-Diagnostic_1F,10,F10_REC.NZ.3,yes,LEN,1,230,0.3472346341,0.14023143,0.2070032041,787.845568,996,255.0756
01-Diagnostic_1F,10,F10_REC.NZ.3,yes,LEN,1,235,0.0797072449,0.02849882,0.0512084249,369.653558,503,128.8183
01-Diagnostic_1F,10,F10_REC.NZ.3,yes,LEN,1,160,0.0107977947,0.01893537,-0.0081375753,158.745058,317,81.1837
01-Diagnostic_1F,10,F10_REC.NZ.3,yes,LEN,1,240,0.0779954241,0.007227817,0.0707676071,297.990358,356,91.1716
01-Diagnostic_1F,10,F10_REC.NZ.3,yes,LEN,1,155,0.0123279544,0.006425056,0.0059028984,129.834458,221,56.5981
01-Diagnostic_1F,10,F10_REC.NZ.3,yes,LEN,1,20,9.93739e-05,9.93739e-05,0,0.894358,1,0.2561
01-Diagnostic_1F,10,F10_REC.NZ.3,yes,LEN,1,25,9.93739e-05,9.93739e-05,0,0.894358,1,0.2561
01-Diagnostic_1F,10,F10_REC.NZ.3,yes,LEN,1,30,9.93739e-05,9.93739e-05,0,0.894358,1,0.2561
01-Diagnostic_1F,10,F10_REC.NZ.3,yes,LEN,1,35,9.93739e-05,9.93739e-05,0,0.894358,1,0.2561
01-Diagnostic_1F,10,F10_REC.NZ.3,yes,LEN,1,40,9.93739e-05,9.93739e-05,0,0.894358,1,0.2561
01-Diagnostic_1F,10,F10_REC.NZ.3,yes,LEN,1,45,9.93739e-05,9.93739e-05,0,0.894358,1,0.2561
01-Diagnostic_1F,10,F10_REC.NZ.3,yes,LEN,1,50,9.93739e-05,9.93739e-05,0,0.894358,1,0.2561
01-Diagnostic_1F,10,F10_REC.NZ.3,yes,LEN,1,55,9.93739e-05,9.93739e-05,0,0.894358,1,0.2561
01-Diagnostic_1F,10,F10_REC.NZ.3,yes,LEN,1,60,9.93739e-05,9.93739e-05,0,0.894358,1,0.2561
01-Diagnostic_1F,10,F10_REC.NZ.3,yes,LEN,1,65,9.93739e-05,9.9374e-05,-1.00000000006996e-10,0.894358,1,0.2561
01-Diagnostic_1F,10,F10_REC.NZ.3,yes,LEN,1,70,9.93739e-05,9.93741e-05,-2.00000000000439e-10,0.894358,1,0.2561
01-Diagnostic_1F,10,F10_REC.NZ.3,yes,LEN,1,75,9.93739e-05,9.93748e-05,-9.0000000000875e-10,0.894358,1,0.2561
01-Diagnostic_1F,10,F10_REC.NZ.3,yes,LEN,1,80,9.93739e-05,9.93792e-05,-5.30000000000485e-09,0.894358,1,0.2561
01-Diagnostic_1F,10,F10_REC.NZ.3,yes,LEN,1,85,9.93739e-05,9.93986e-05,-2.47000000000067e-08,0.894358,1,0.2561
01-Diagnostic_1F,10,F10_REC.NZ.3,yes,LEN,1,90,9.93739e-05,9.94652e-05,-9.13000000000037e-08,0.894358,1,0.2561
01-Diagnostic_1F,10,F10_REC.NZ.3,yes,LEN,1,95,9.93739e-05,9.96376e-05,-2.63700000000002e-07,0.894358,1,0.2561
01-Diagnostic_1F,10,F10_REC.NZ.3,yes,LEN,1,100,9.93739e-05,9.99702e-05,-5.963e-07,0.894358,1,0.2561
01-Diagnostic_1F,10,F10_REC.NZ.3,yes,LEN,1,105,9.93739e-05,0.000100431,-1.05710000000001e-06,0.894358,1,0.2561
01-Diagnostic_1F,10,F10_REC.NZ.3,yes,LEN,1,110,9.93739e-05,0.000100858,-1.48410000000001e-06,0.894358,1,0.2561
01-Diagnostic_1F,10,F10_REC.NZ.3,yes,LEN,1,115,9.93739e-05,0.000101136,-1.76210000000001e-06,0.894358,1,0.2561
01-Diagnostic_1F,10,F10_REC.NZ.3,yes,LEN,1,120,9.93739e-05,0.000101789,-2.4151e-06,0.894358,1,0.2561
01-Diagnostic_1F,10,F10_REC.NZ.3,yes,LEN,1,125,9.93739e-05,0.000105348,-5.9741e-06,0.894358,1,0.2561
01-Diagnostic_1F,10,F10_REC.NZ.3,yes,LEN,1,130,9.93739e-05,0.000119011,-1.96371e-05,0.894358,1,0.2561
01-Diagnostic_1F,10,F10_REC.NZ.3,yes,LEN,1,135,0.0186769739,0.000399812,0.0182771619,40.564158,55,14.0855
01-Diagnostic_1F,10,F10_REC.NZ.3,yes,LEN,1,140,0.0001991544,0.000563192,-0.0003640376,40.564158,55,14.0855
01-Diagnostic_1F,10,F10_REC.NZ.3,yes,LEN,1,145,0.0186769739,0.000925171,0.0177518029,40.564158,55,14.0855
01-Diagnostic_1F,10,F10_REC.NZ.3,yes,LEN,1,150,0.0001991544,0.001469492,-0.0012703376,40.564158,55,14.0855
01-Diagnostic_1F,10,F10_REC.NZ.3,yes,LEN,1,245,0.0153280739,0.000710927,0.0146171469,53.118458,67,17.1587
01-Diagnostic_1F,10,F10_REC.NZ.3,yes,LEN,1,250,9.93739e-05,0.000108835,-9.4611e-06,0.894358,1,0.2561
01-Diagnostic_1F,10,F10_REC.NZ.3,yes,LEN,1,255,9.93739e-05,0.000100906,-1.53210000000001e-06,0.894358,1,0.2561
01-Diagnostic_1F,10,F10_REC.NZ.3,yes,LEN,1,260,9.93739e-05,9.95867e-05,-2.12800000000006e-07,0.894358,1,0.2561
01-Diagnostic_1F,10,F10_REC.NZ.3,yes,LEN,1,265,9.93739e-05,9.9399e-05,-2.51000000000076e-08,0.894358,1,0.2561
01-Diagnostic_1F,10,F10_REC.NZ.3,yes,LEN,1,270,9.93739e-05,9.93764e-05,-2.50000000001226e-09,0.894358,1,0.2561
01-Diagnostic_1F,10,F10_REC.NZ.3,yes,LEN,1,275,9.93739e-05,9.93741e-05,-2.00000000000439e-10,0.894358,1,0.2561
01-Diagnostic_1F,10,F10_REC.NZ.3,yes,LEN,1,280,9.93739e-05,9.9374e-05,-1.00000000006996e-10,0.894358,1,0.2561
01-Diagnostic_1F,10,F10_REC.NZ.3,yes,LEN,1,285,9.93739e-05,9.93739e-05,0,0.894358,1,0.2561
01-Diagnostic_1F,10,F10_REC.NZ.3,yes,LEN,1,290,9.93739e-05,9.93739e-05,0,0.894358,1,0.2561
01-Diagnostic_1F,10,F10_REC.NZ.3,yes,LEN,1,295,9.93739e-05,9.93739e-05,0,0.894358,1,0.2561
01-Diagnostic_1F,10,F10_REC.NZ.3,yes,LEN,1,300,9.93739e-05,9.93739e-05,0,0.894358,1,0.2561
01-Diagnostic_1F,10,F10_REC.NZ.3,yes,LEN,1,305,9.93739e-05,9.93739e-05,0,0.894358,1,0.2561
01-Diagnostic_1F,10,F10_REC.NZ.3,yes,LEN,1,310,9.93739e-05,9.93739e-05,0,0.894358,1,0.2561
01-Diagnostic_1F,10,F10_REC.NZ.3,yes,LEN,1,315,9.93739e-05,9.93739e-05,0,0.894358,1,0.2561
01-Diagnostic_1F,10,F10_REC.NZ.3,yes,LEN,1,320,9.93739e-05,9.93739e-05,0,0.894358,1,0.2561
01-Diagnostic_1F,10,F10_REC.NZ.3,yes,LEN,1,325,9.93739e-05,9.93739e-05,0,0.894358,1,0.2561
01-Diagnostic_1F,10,F10_REC.NZ.3,yes,LEN,1,330,9.93739e-05,9.93739e-05,0,0.894358,1,0.2561
01-Diagnostic_1F,16,F16_LL.NC.2,yes,LEN,1,165,1.7425675314,2.3419457,-0.5993781686,1407.95539,1899.75241,102.58662
01-Diagnostic_1F,16,F16_LL.NC.2,yes,LEN,1,170,3.0088748009,2.7090994,0.299775400900001,1407.95539,1899.75241,102.58662
01-Diagnostic_1F,16,F16_LL.NC.2,yes,LEN,1,175,2.9069948108,3.4037667,-0.496771889200002,1407.95539,1899.75241,102.58662
01-Diagnostic_1F,16,F16_LL.NC.2,yes,LEN,1,180,3.7529505407,3.9847354,-0.231784859299999,1407.95539,1899.75241,102.58662
01-Diagnostic_1F,16,F16_LL.NC.2,yes,LEN,1,185,4.0376142,4.3063475,-0.2687333,1407.95539,1899.75241,102.58662
01-Diagnostic_1F,16,F16_LL.NC.2,yes,LEN,1,190,3.8331366,4.2252773,-0.3921407,1407.95539,1899.75241,102.58662
01-Diagnostic_1F,16,F16_LL.NC.2,yes,LEN,1,195,3.3897973407,3.7233532,-0.3335558593,1407.95539,1899.75241,102.58662
01-Diagnostic_1F,16,F16_LL.NC.2,yes,LEN,1,200,2.5020756709,3.1584061,-0.656330429099999,1407.95539,1899.75241,102.58662
01-Diagnostic_1F,16,F16_LL.NC.2,yes,LEN,1,205,1.8589924824,1.9624496,-0.1034571176,1379.5526,1560.88971,84.28805
01-Diagnostic_1F,16,F16_LL.NC.2,yes,LEN,1,210,1.3016603247,1.3981924,-0.0965320752999999,1379.5526,1560.88971,84.28805
01-Diagnostic_1F,16,F16_LL.NC.2,yes,LEN,1,215,0.7835765536,0.77793421,0.00564234360000004,1245.3534,1461.29571,78.90997
01-Diagnostic_1F,16,F16_LL.NC.2,yes,LEN,1,220,0.2687553068,0.32572909,-0.0569737832,1100.9939,1311.49081,70.820503
01-Diagnostic_1F,16,F16_LL.NC.2,yes,LEN,1,155,0.615196756,0.6703527,-0.0551559439999998,1282.5383,1095.9449,59.181019
01-Diagnostic_1F,16,F16_LL.NC.2,yes,LEN,1,160,1.0295219316,1.1959421,-0.1664201684,1339.8585,1129.02391,60.967282
01-Diagnostic_1F,16,F16_LL.NC.2,yes,LEN,1,225,0.3861611759,0.14750547,0.2386557059,883.4445,713.09481,38.507103
01-Diagnostic_1F,16,F16_LL.NC.2,yes,LEN,1,145,0.2597490082,0.13868033,0.1210686782,1038.1523,868.1973,46.882645
01-Diagnostic_1F,16,F16_LL.NC.2,yes,LEN,1,150,0.408521507,0.3361714,0.0723501069999999,1227.362,1027.33,55.475815
01-Diagnostic_1F,16,F16_LL.NC.2,yes,LEN,1,230,0.309883983,0.038703743,0.27118024,599.1951,436.25601,23.557811
01-Diagnostic_1F,16,F16_LL.NC.2,yes,LEN,1,235,0.0584623447,0.009869204,0.0485931407,528.1658,341.08001,18.418313
01-Diagnostic_1F,16,F16_LL.NC.2,yes,LEN,1,240,0.1790817914,0.003583285,0.1754985064,472.5548,303.70621,16.400126
01-Diagnostic_1F,16,F16_LL.NC.2,yes,LEN,1,115,0.1918949269,0.002284336,0.1896105909,611.8334,460.008,24.840423
01-Diagnostic_1F,16,F16_LL.NC.2,yes,LEN,1,120,0.1852748991,0.003742327,0.1815325721,729.8724,556.008,30.024423
01-Diagnostic_1F,16,F16_LL.NC.2,yes,LEN,1,125,0.0897806302,0.007178543,0.0826020872,729.8724,556.008,30.024423
01-Diagnostic_1F,16,F16_LL.NC.2,yes,LEN,1,130,0.2093937074,0.015543612,0.1938500954,834.7774,672.508,36.315423
01-Diagnostic_1F,16,F16_LL.NC.2,yes,LEN,1,135,0.4244253774,0.035941293,0.3884840844,896.7613,737.2219,39.809975
01-Diagnostic_1F,16,F16_LL.NC.2,yes,LEN,1,140,0.3348804988,0.0688231,0.2660573988,1006.5593,801.2389,43.266895
01-Diagnostic_1F,16,F16_LL.NC.2,yes,LEN,1,90,0.091786062,0.000498664,0.091287398,127.9836,148.678,8.028612
01-Diagnostic_1F,16,F16_LL.NC.2,yes,LEN,1,95,0.0004985144,0.0004994219,-9.0750000000014e-07,127.9836,148.678,8.028612
01-Diagnostic_1F,16,F16_LL.NC.2,yes,LEN,1,100,0.1530530144,0.0010025159,0.1520504985,318.434,344.3181,18.593176
01-Diagnostic_1F,16,F16_LL.NC.2,yes,LEN,1,105,0.0810519177,0.0013244844,0.0797274333,449.3634,388.616,20.985263
01-Diagnostic_1F,16,F16_LL.NC.2,yes,LEN,1,110,0.300746184,0.001742781,0.299003403,585.8485,445.1889,24.040192
01-Diagnostic_1F,16,F16_LL.NC.2,yes,LEN,1,245,0.0676048317,0.000647533,0.0669572987,238.8694,115.80431,6.253433
01-Diagnostic_1F,16,F16_LL.NC.2,yes,LEN,1,250,0.0002991425,0.000330644,-3.15015e-05,101.7464,36.30431,1.960433
01-Diagnostic_1F,16,F16_LL.NC.2,yes,LEN,1,255,0.0286702407,0.000304634,0.0283656067,101.7464,36.30431,1.960433
01-Diagnostic_1F,16,F16_LL.NC.2,yes,LEN,1,260,0.052299,0.000200217,0.052098783,32.568,20.08991,1.084855
01-Diagnostic_1F,16,F16_LL.NC.2,yes,LEN,1,265,0.0122541,9.9745e-05,0.012154355,18.2598,8.95431,0.483533
01-Diagnostic_1F,16,F16_LL.NC.2,yes,LEN,1,270,0.0122541,9.97141e-05,0.0121543859,18.2598,8.95431,0.483533
01-Diagnostic_1F,16,F16_LL.NC.2,yes,LEN,1,275,9.97108e-05,9.9711e-05,-2.00000000000439e-10,18.2598,8.95431,0.483533
01-Diagnostic_1F,16,F16_LL.NC.2,yes,LEN,1,280,9.97108e-05,9.97108e-05,0,18.2598,8.95431,0.483533
01-Diagnostic_1F,16,F16_LL.NC.2,yes,LEN,1,285,9.97108e-05,9.97108e-05,0,18.2598,8.95431,0.483533
01-Diagnostic_1F,16,F16_LL.NC.2,yes,LEN,1,290,9.97108e-05,9.97108e-05,0,18.2598,8.95431,0.483533
01-Diagnostic_1F,16,F16_LL.NC.2,yes,LEN,1,295,9.97108e-05,9.97108e-05,0,18.2598,8.95431,0.483533
01-Diagnostic_1F,16,F16_LL.NC.2,yes,LEN,1,300,0.0122541,9.97108e-05,0.0121543892,18.2598,8.95431,0.483533
01-Diagnostic_1F,16,F16_LL.NC.2,yes,LEN,1,75,0.0464598512,0.0001993622,0.046260489,55.4237,32.676,1.764502
01-Diagnostic_1F,16,F16_LL.NC.2,yes,LEN,1,80,0.020208762,0.000299065,0.019909697,73.7873,71.676,3.870502
01-Diagnostic_1F,16,F16_LL.NC.2,yes,LEN,1,85,0.0002990629,0.0002990813,-1.83999999999861e-08,73.7873,71.676,3.870502
01-Diagnostic_1F,16,F16_LL.NC.2,yes,LEN,1,60,0.0503356,9.96512e-05,0.0502359488,14.0365,20.738,1.11985
01-Diagnostic_1F,16,F16_LL.NC.2,yes,LEN,1,65,9.96512e-05,9.96512e-05,0,14.0365,20.738,1.11985
01-Diagnostic_1F,16,F16_LL.NC.2,yes,LEN,1,70,9.96512e-05,9.96513e-05,-1.00000000006996e-10,14.0365,20.738,1.11985
01-Diagnostic_1F,17,F17_LL.PF.4,yes,LEN,1,150,0.2487674407,0.603002,-0.3542345593,239.7548,287.92,11.54559
01-Diagnostic_1F,17,F17_LL.PF.4,yes,LEN,1,155,0.7281660705,0.7607012,-0.0325351295000002,279.4203,315.1006,12.63553
01-Diagnostic_1F,17,F17_LL.PF.4,yes,LEN,1,160,0.8963618,0.7944366,0.1019252,279.4203,315.1006,12.63553
01-Diagnostic_1F,17,F17_LL.PF.4,yes,LEN,1,165,0.8915471,1.2473043,-0.3557572,285.4487,348.1538,13.96096
01-Diagnostic_1F,17,F17_LL.PF.4,yes,LEN,1,170,0.906881,0.9653002,-0.0584191999999999,285.4487,348.1538,13.96096
01-Diagnostic_1F,17,F17_LL.PF.4,yes,LEN,1,175,1.114097,0.939335,0.174762,285.4487,348.1538,13.96096
01-Diagnostic_1F,17,F17_LL.PF.4,yes,LEN,1,180,0.903541,0.8831139,0.0204271,285.4487,348.1538,13.96096
01-Diagnostic_1F,17,F17_LL.PF.4,yes,LEN,1,185,1.0129722,0.786425,0.2265472,285.4487,348.1538,13.96096
01-Diagnostic_1F,17,F17_LL.PF.4,yes,LEN,1,190,0.5765581806,0.6558717,-0.0793135194,285.4487,348.1538,13.96096
01-Diagnostic_1F,17,F17_LL.PF.4,yes,LEN,1,195,0.4619991806,0.5163828,-0.0543836194,285.4487,348.1538,13.96096
01-Diagnostic_1F,17,F17_LL.PF.4,yes,LEN,1,200,0.4146397304,0.4422581,-0.0276183696,285.4487,348.1538,13.96096
01-Diagnostic_1F,17,F17_LL.PF.4,yes,LEN,1,205,0.1021359327,0.2671668,-0.1650308673,272.3426,318.3034,12.76396
01-Diagnostic_1F,17,F17_LL.PF.4,yes,LEN,1,210,0.1798600009,0.2321337,-0.0522736991,245.6969,278.6002,11.17186
01-Diagnostic_1F,17,F17_LL.PF.4,yes,LEN,1,215,0.1797657705,0.07551053,0.1042552405,118.5828,174.9366,7.01495
01-Diagnostic_1F,17,F17_LL.PF.4,yes,LEN,1,220,0.0406938909,0.0282627,0.0124311909,97.55,148.1268,5.93988
01-Diagnostic_1F,17,F17_LL.PF.4,yes,LEN,1,225,0.1116326112,0.01765909,0.0939735212,97.55,148.1268,5.93988
01-Diagnostic_1F,17,F17_LL.PF.4,yes,LEN,1,110,0.0832624711,0.01021496,0.0730475111,143.2457,112.2736,4.50217
01-Diagnostic_1F,17,F17_LL.PF.4,yes,LEN,1,115,0.0715038923,0.02195776,0.0495461323,143.2457,112.2736,4.50217
01-Diagnostic_1F,17,F17_LL.PF.4,yes,LEN,1,120,0.0404069027,0.0598453,-0.0194383973,172.2655,173.8502,6.97139
01-Diagnostic_1F,17,F17_LL.PF.4,yes,LEN,1,125,0.0582855222,0.0785844,-0.0202988778,172.2655,173.8502,6.97139
01-Diagnostic_1F,17,F17_LL.PF.4,yes,LEN,1,130,0.0976519118,0.093299,0.0043529118,172.2655,173.8502,6.97139
01-Diagnostic_1F,17,F17_LL.PF.4,yes,LEN,1,135,0.1780057516,0.0954056,0.0826001516,172.2655,173.8502,6.97139
01-Diagnostic_1F,17,F17_LL.PF.4,yes,LEN,1,140,0.1487559516,0.2220751,-0.0733191484,198.9112,213.5534,8.56349
01-Diagnostic_1F,17,F17_LL.PF.4,yes,LEN,1,145,0.4420337407,0.196751,0.2452827407,198.9112,213.5534,8.56349
01-Diagnostic_1F,17,F17_LL.PF.4,yes,LEN,1,230,0.0135022407,0.00298097,0.0105212707,51.8561,87.893,3.52451
01-Diagnostic_1F,17,F17_LL.PF.4,yes,LEN,1,235,0.0333465,0.000869661,0.032476839,22.8363,26.3164,1.05529
01-Diagnostic_1F,17,F17_LL.PF.4,yes,LEN,1,105,0.0313807711,0.001816583,0.0295641881,107.3033,56.1068,2.24988
01-Diagnostic_1F,17,F17_LL.PF.4,yes,LEN,1,50,0.031247,9.96711e-05,0.0311473289,40.8601,27.909,1.11915
01-Diagnostic_1F,17,F17_LL.PF.4,yes,LEN,1,55,9.96711e-05,9.96711e-05,0,40.8601,27.909,1.11915
01-Diagnostic_1F,17,F17_LL.PF.4,yes,LEN,1,60,9.96711e-05,9.96711e-05,0,40.8601,27.909,1.11915
01-Diagnostic_1F,17,F17_LL.PF.4,yes,LEN,1,65,9.96711e-05,9.96711e-05,0,40.8601,27.909,1.11915
01-Diagnostic_1F,17,F17_LL.PF.4,yes,LEN,1,70,9.96711e-05,9.96712e-05,-1.00000000006996e-10,40.8601,27.909,1.11915
01-Diagnostic_1F,17,F17_LL.PF.4,yes,LEN,1,75,9.96711e-05,9.96734e-05,-2.29999999999827e-09,40.8601,27.909,1.11915
01-Diagnostic_1F,17,F17_LL.PF.4,yes,LEN,1,80,9.96711e-05,9.97091e-05,-3.8000000000002e-08,40.8601,27.909,1.11915
01-Diagnostic_1F,17,F17_LL.PF.4,yes,LEN,1,85,9.96711e-05,0.000100155,-4.83900000000011e-07,40.8601,27.909,1.11915
01-Diagnostic_1F,17,F17_LL.PF.4,yes,LEN,1,90,9.96711e-05,0.000104393,-4.72190000000001e-06,40.8601,27.909,1.11915
01-Diagnostic_1F,17,F17_LL.PF.4,yes,LEN,1,95,9.96711e-05,0.00013487,-3.51989e-05,40.8601,27.909,1.11915
01-Diagnostic_1F,17,F17_LL.PF.4,yes,LEN,1,100,9.96711e-05,0.000300301,-0.0002006299,40.8601,27.909,1.11915
